smiles,label
S=C=Nc1ccc(Br)cc1,2.729
Brc1ccccc1,1.765
C=CC(=O)OCCOc1ccccc1,1.569
C=CC=NNc1ccccc1,2.32
C=Cc1ccccc1,1.319
C=CCOC(=O)c1ccccc1C(=O)OCC=C,2.505
C=CCOC(=O)Cc1ccccc1,2.4330000000000003
C=COC(=O)c1ccccc1,1.659
c1ccccc1,1.3730000000000002
C=C(C)C(=O)Nc1ccc(Cl)c(Cl)c1,2.107
C=C(C)c1ccccc1,1.382
CC(=O)c1ccc(C)cc1,1.982
CC(=O)c1ccc(C(O)C(CO)NC(=O)C(Cl)Cl)cc1,2.465
CC(=O)c1ccc(N)cc1,2.55
CC(=O)c1ccc(O)cc1O,1.73
CC(=O)c1cccc([N+](=O)[O-])c1,1.706
CC(=O)c1cccc(N)c1,1.859
CC(=O)c1ccccc1,2.169
CC(=O)c1ccccc1Cl,1.929
CC(=O)c1ccccc1[N+](=O)[O-],2.014
CC(=O)CC(=O)Nc1ccccc1,1.581
CC(=O)CCc1ccc(O)cc1,2.095
CC(=O)CCc1ccc(OC(C)=O)cc1,1.832
CC(=O)CCc1ccccc1,1.666
CC(=O)CNC(C)(C)Cc1ccc(Cl)cc1,2.982
CC(=O)NC(=O)c1ccccc1O,1.952
CC(=O)Nc1ccc(C)c(NS(=O)(=O)C(F)(F)F)c1,2.06
CC(=O)Nc1ccc(C(=O)CCl)cc1,1.993
CC(=O)Nc1ccc(O)cc1,1.7990000000000002
CC(=O)Nc1ccccc1,2.228
CC(=O)OC(c1ccccc1)C(Cl)(Cl)Cl,1.595
CC(=O)Oc1c(C(C)(C)C)cc([N+](=O)[O-])c(C)c1[N+](=O)[O-],3.848
CC(=O)Oc1c([N+](=O)[O-])cc([N+](=O)[O-])cc1C(C)(C)C,3.658
CC(=O)Oc1ccccc1C(N)=O,1.998
CC(=O)Oc1ccccc1C=CC(=O)O,1.816
CC(=O)Oc1ccc(C)cc1,1.898
CC(=O)Oc1ccccc1,1.922
CC(=O)OCc1ccccc1,1.78
CC(=O)OCCc1ccccc1,1.651
CC(=S)Nc1ccccc1,1.759
C#CC(C)N(C)C(=O)Nc1ccc(Cl)cc1,2.121
CC(C)(C)c1cc([N+](=O)[O-])cc(C(C)(C)C)c1O,3.002
CC(C)(C)c1cc([N+](=O)[O-])cc([N+](=O)[O-])c1O,3.588
CC(C)(C)c1ccc(O)c(O)c1,1.77
CC(C)(C)c1ccc(C(=O)O)cc1,2.406
CC(C)(C)c1ccc(O)cc1,1.707
CC(C)(C)NCC(O)c1ccc(O)c(CO)c1,2.559
CC(C)(C)OOC(=O)c1ccccc1,2.283
CC(C)(N)Cc1ccc(Cl)cc1,2.866
C#CC(C)(C)NC(=O)c1cc(Cl)cc(Cl)c1,1.659
CC(C)(O)c1ccccc1,2.02
CC(C)(O)CC(C)(O)c1ccc(Cl)cc1,2.302
CC(C)(O)Cc1ccccc1,2.07
CC(C)(Oc1ccc(Cl)cc1)C(=O)O,2.379
CC(C)(OO)c1ccccc1,2.6
CC(C)=CCOC(=O)c1ccccc1O,1.809
CC(C)=CCOC(=O)c1ccccc1,1.607
CC(C)C(=O)N(C)C(=O)Oc1cccc(C(C)C)c1,2.62
Cc1ccc(OC(=O)C(C)C)cc1,1.649
CC(C)C(=O)OCc1ccccc1,1.796
Cc1ccc(C(C)C)cc1O,2.268
CC(C)c1cccc(OC(=O)N(C)N=O)c1,2.745
CC(=O)Oc1cc(C(C)C)c(OCCN(C)C)cc1C,2.522
Cc1ccc(C(C)C)cc1,1.4509999999999998
Cc1ccc(C(C)C)c(O)c1,2.185
CC(C)c1ccc(C#N)cc1,1.571
CC(C)c1ccc(C=O)cc1,2.028
CC(C)c1ccc(CC=O)cc1,1.597
CC(C)c1ccc(CCO)cc1,1.96
CC(C)c1ccc(CO)cc1,2.168
CC(C)c1ccc(NC(=O)N(C)C)cc1,2.053
CC(C)c1cccc(C(C)C)c1N,1.743
CC(C)c1cccc(OC(=O)N(C)C)c1,3.112
CC(C)c1ccccc1,1.934
CC(C)c1ccccc1N,2.059
CC(C)Cc1ccc(C(C)C(=O)O)cc1,2.511
CC(C)CCOC(=O)c1ccccc1,1.482
CC(C)COC(=O)c1ccccc1C(=O)OCC(C)C,1.268
CC(C)COC(=O)c1ccccc1O,2.095
CC(C)N(C(=O)CCl)c1ccccc1,2.474
CC(C)NCC(O)c1cc(O)cc(O)c1,1.797
CC(C)NCC(O)c1ccc(O)c(O)c1,2.775
CC(C)NCC(O)COc1ccc(CC(N)=O)cc1,1.948
CC(=O)Nc1ccc(OCC(O)CNC(C)C)cc1,1.887
CC(C)NNC(=O)COc1ccc(Cl)cc1,2.645
CC(C)NP(O)(=S)Oc1cc(Cl)c(Cl)cc1Cl,4.033
CC(C)OC(=O)c1ccccc1,1.644
CC(C)OC(=O)COc1ccc(Cl)cc1Cl,2.846
CC(=O)ON(C(=O)OC(C)C)c1ccccc1,1.844
CC(C)OC(=O)Nc1cccc(Cl)c1,2.251
CC(C)OC(=O)Nc1ccccc1,2.253
CC(C)OP(=O)(OC(C)C)SCc1ccccc1,2.77
CC(C)OP(=S)(CCl)Sc1ccc(Br)cc1,4.194
Cc1ccc(SP(=S)(CCl)OC(C)C)cc1,3.16
CC(C)OP(=S)(CCl)Sc1ccc(Cl)cc1,4.084
CC(C)OP(=S)(CCl)Sc1ccc(F)cc1,3.884
CC(C)OP(=S)(OC(C)C)SCCNS(=O)(=O)c1ccccc1,3.1660000000000004
CC(C)OP(C)(=S)Oc1cc(Cl)c(Br)cc1Cl,3.714
CC(C=O)=Cc1ccccc1,1.853
Cc1ccc(C(C)C=O)cc1,1.6269999999999998
CC(C=O)c1ccccc1,1.681
CC(C=O)Cc1ccc(C(C)(C)C)cc1,1.742
CC(C=O)Cc1ccc(C(C)C)cc1,1.6980000000000002
CC(Cc1ccccc1)NN,3.645
CC(Cc1ccccc1)OC(N)=O,2.212
CC(Cl)(Cl)C(=O)OCCOc1cc(Cl)c(Cl)cc1Cl,2.564
CC(Cl)COP(=O)(OCC(C)Cl)Oc1ccc([N+](=O)[O-])cc1,3.333
CC(=Cc1ccccc1)CO,1.791
CC(=O)OCC(C)c1ccccc1,1.618
CC(COc1ccc(C(C)(C)C)cc1)OS(=O)OCCCl,1.934
CC(c1ccccc1)N(C)C,2.551
CC(N)(Cc1ccc(O)c(O)c1)C(=O)O,1.626
CC(N)C(O)c1cccc(O)c1,2.843
CC(N)c1ccccc1,2.11
CC(N)Cc1ccccc1,3.654
CC(O)c1cccc(N)c1,1.646
CC(O)c1ccccc1,2.485
CC(O)CNC(C)(C)Cc1ccc(Cl)cc1,3.207
C#CC(C)OC(=O)Nc1cccc(Cl)c1,1.952
Cc1cc(Cl)ccc1OC(C)C(=O)O,2.519
CC(Oc1cc(Cl)c(Cl)cc1Cl)C(=O)O,2.6180000000000003
CC(Oc1ccc(Cl)cc1Cl)C(=O)O,2.468
CC(O[N+](=O)[O-])c1ccc([N+](=O)[O-])cc1,1.996
CC=Cc1ccccc1,1.516
Cc1ccc(O)cc1C,2.225
Cc1ccc([N+](=O)[O-])cc1[N+](=O)[O-],2.832
Cc1ccc([N+](=O)[O-])cc1S(=O)(=O)Cl,1.499
Cc1c(C(N)=O)cc([N+](=O)[O-])cc1[N+](=O)[O-],2.574
Cc1c([N+](=O)[O-])cc([N+](=O)[O-])cc1[N+](=O)[O-],2.456
Cc1ccccc1C(=O)O,2.532
Cc1ccccc1S(N)(=O)=O,1.546
Cc1c([N+](=O)[O-])cccc1[N+](=O)[O-],3.012
Cc1cc(S(=O)(=O)O)c(N)cc1Cl,1.256
Cc1cc(O)ccc1Cl,1.892
Cc1ccccc1N,2.204
Cc1c(N)cccc1Cl,2.392
Cc1cc([N+](=O)[O-])cc([N+](=O)[O-])c1O,4.297
Cc1cccc(C(=O)O)c1O,2.5340000000000003
Cc1ccc(N)cc1O,1.534
Cc1ccccc1O,2.951
Cc1cc(Cl)ccc1OCC(=O)O,2.457
Cc1ccccc1OCC(O)COC(N)=O,2.331
Cc1cc(Cl)ccc1OCCCC(=O)O,2.527
Cc1cc(C(C)(C)C)c(O)c(C(C)(C)C)c1,2.394
Cc1ccc(O)c([N+](=O)[O-])c1,1.659
Cc1cc([N+](=O)[O-])cc([N+](=O)[O-])c1,2.926
Cc1cccc([N+](=O)[O-])c1,2.107
Cc1cc([N+](=O)[O-])ccc1S(=O)(=O)NCCO,1.765
Cc1cc(C)c(C)c(C)c1,1.415
Cc1ccc(C)c(C)c1,1.381
Cc1cc(C)c(C)cc1C,1.283
Cc1cc(C)c(N)c(C)c1,2.26
Cc1ccc(N)c(C)c1,2.414
Cc1ccc(O)c(C)c1,1.582
Cc1cccc(C)c1,1.327
Cc1cc(Cl)ccc1N,2.127
Cc1ccc(C)c(N)c1,1.97
Cc1cc(C)cc(N)c1,2.234
Cc1cccc(N)c1,2.377
Cc1cc(N)ccc1N,3.0780000000000003
Cc1cc(N)ccc1S(=O)(=O)NCCO,1.413
Cc1ccc(C)c(O)c1,2.44
Cc1cc(C)cc(O)c1,2.303
Cc1cc(O)cc(C)c1Cl,1.612
Cc1cc(O)cc(O)c1,2.168
Cc1cccc(O)c1,2.65
Cc1cc(O)ccc1[N+](=O)[O-],1.541
Cc1ccc(C)c(OCCCC(C)(C)C(=O)O)c1,1.719
Cc1ccc([N+](=O)[O-])c([N+](=O)[O-])c1,2.354
Cc1ccc(S(=O)(=O)O)c(N)c1,1.344
Cc1ccc(C)c(C)c1C,1.321
Cc1ccc(C)c(CCNC(N)=O)c1,1.922
Cc1ccc(C)cc1,1.327
Cc1ccc(C(C)(C)C)cc1,1.916
Cc1ccc(C(=O)O)cc1,2.532
Cc1ccc([N+](=O)[O-])cc1,1.845
Cc1ccc(S(=O)(=O)OCCCl)cc1,2.673
Cc1ccc(S(=O)(=O)O)cc1,1.842
Cc1ccc(N=C=O)cc1N=C=O,1.4780000000000002
Cc1ccc([N+](=O)[O-])cc1S(=O)(=O)O,1.767
Cc1ccc(Cl)cc1,1.78
Cc1ccc(Cl)cc1Cl,1.544
Cc1ccc(Cl)cc1N,2.485
Cc1ccc(N)cc1,2.213
Cc1ccc(N)cc1Br,3.014
Cc1ccc(N)cc1C,2.174
Cc1ccc(O)cc1,2.718
Cc1cccc([N+](=O)[O-])c1[N+](=O)[O-],2.301
Cc1cccc(C)c1CCNC(N)=O,2.108
Cc1cccc(C)c1N,2.1590000000000003
Cc1cccc(C)c1O,2.616
Cc1cccc(N)c1C,2.114
Cc1cccc(NC(N)=O)c1,2.053
Cc1ccccc1,1.265
Cc1ccccc1[N+](=O)[O-],2.187
Cc1ccccc1NCCO,1.837
Cc1ccccc1OCC(COC(O)C(Cl)(Cl)Cl)OC(O)C(Cl)(Cl)Cl,2.734
Cc1ccccc1OCC(O)CO,2.465
C=C(CC)C(=O)c1ccc(OCC(=O)O)c(Cl)c1Cl,2.482
CCC(=O)c1ccc(N)cc1,2.926
CCC(=O)c1ccccc1,1.475
CCC(=O)Nc1ccc(Cl)c(Cl)c1,2.774
CCC(=O)OC(C)c1ccccc1,1.535
CCC(=O)OCC=Cc1ccccc1,1.7480000000000002
CCC(C(=O)O)c1ccc(CC(C)C)cc1,2.139
CCC(C)(C)c1cc(O)c(C(C)(C)CC)cc1O,2.0980000000000003
CCC(C)(C)c1ccc(Cl)c(OC(=O)NC)c1,3.533
CCC(C)(C)c1ccc(O)cc1,1.953
CCC(C)(C)c1ccc(OP(=O)(NC)OC)c(Cl)c1,2.786
CCC(C)(O)CCc1ccccc1,1.781
CCC(C)c1cc([N+](=O)[O-])cc([N+](=O)[O-])c1O,3.983
CCC(C)c1cc([N+](=O)[O-])cc([N+](=O)[O-])c1OC(=O)C=C(C)C,3.745
CCC(C)c1cc([N+](=O)[O-])cc([N+](=O)[O-])c1OC(=O)OC(C)C,3.743
CCC(C)c1cc([N+](=O)[O-])cc([N+](=O)[O-])c1OC(=O)SC,3.196
CCC(C)c1cc([N+](=O)[O-])cc([N+](=O)[O-])c1OC(C)=O,3.672
CCC(C)c1ccc(Cl)c(OC(=O)NC)c1,3.684
CCC(C)c1cccc(OC(=O)NC)c1,4.317
CCC(C)c1cc(OC(=O)NC)ccc1C,3.801
CCC(C)c1ccccc1,1.778
CCC(C)c1ccccc1OC(=O)NC,2.772
CCC(C)N(C(=O)SCc1ccccc1)C(C)CC,1.446
CCC(C)Nc1c([N+](=O)[O-])cc(C(C)(C)C)cc1[N+](=O)[O-],2.072
CCC(CC)Nc1c([N+](=O)[O-])cc(C)c(C)c1[N+](=O)[O-],2.352
CCC(Cc1c(I)cc(I)c(N)c1I)C(=O)O,2.569
CCC(O)(COC(N)=O)c1ccccc1,2.537
CCC(OC(N)=O)c1ccccc1Cl,2.478
CCc1cccc(C)c1N(C(=O)CCl)C(C)COC,2.049
CCc1ccc(C)cc1O,2.41
CCc1cc(CC)cc(OC(=O)NC)c1,2.112
CCc1cccc(CC)c1N,1.919
CCc1cccc(CC)c1N(COC)C(=O)CCl,2.463
CCc1ccccc1,1.482
CCc1ccccc1N,1.983
CCCC(=O)Oc1ccc(OC)cc1,1.757
CCCC(=O)OCCc1ccccc1,1.621
CCCC(C)(C)C(=O)Nc1ccc(Cl)cc1,1.965
CCCC(C)C(=O)Nc1ccc(C)c(Cl)c1,1.672
CCCC(C)c1cccc(OC(=O)NC)c1,3.646
CCCc1ccc(O)c(OC)c1,1.806
CCCc1ccc(O)cc1,2.435
CCCc1ccc(OC)cc1,1.533
CCCc1ccccc1,1.2990000000000002
CCCc1ccccc1O,2.435
CCCCC(C=O)=Cc1ccccc1,1.631
CCCCC(CC)COC(=O)c1ccccc1C(=O)OCC(CC)CCCC,1.106
CCCCC(CC)COC(=O)c1cccc(C(=O)OCC(CC)CCCC)c1,1.354
CCCCC(CC)COC(=O)c1ccccc1C(=O)O,2.317
CCCCC(CC)COC(=O)COc1ccc(Cl)cc1Cl,3.0460000000000003
CCCCCC(C=O)=Cc1ccccc1,1.734
CCCCCC(CC)c1cc([N+](=O)[O-])c(OC(=O)OC)c([N+](=O)[O-])c1,2.887
CCCCCC(=Cc1ccccc1)CO,1.7080000000000002
CCCCCc1ccc(C)cc1O,2.075
CCCCCCc1ccc(O)cc1O,2.548
CCCCCCCC(=O)Oc1c(Br)cc(C#N)cc1Br,3.207
CCCCCCCC(=O)Oc1c(I)cc(C#N)cc1I,3.418
CCCCCCCC(=O)Oc1ccc(C)cc1,2.166
CCCCCCCc1cc(C)c(O)c(C)c1,2.139
CCCCCCCCCCOC(=O)c1ccccc1C(=O)OCCCC,1.237
CCCCCCCCCCOC(=O)c1ccccc1C(=O)OCCCCCC,0.901
CCCCCCCCCCOC(=O)c1ccccc1C(=O)OCCCCCCCC,0.969
CCCCCCCCCCOc1c(OC)cc(C(N)=O)cc1OC,2.311
CCCCCCCCOC(=O)c1cc(O)c(O)c(O)c1,2.1590000000000003
CCCCCCCCOC(=O)Oc1ccc([N+](=O)[O-])cc1[N+](=O)[O-],3.24
CCCCCCCCOP(OCC(CC)CCCC)Oc1ccccc1,1.7380000000000002
CCCCCCOC(=O)C(O)c1ccccc1,1.143
CCCCCCOC(=O)c1ccccc1C(=O)OCCCCCC,1.053
CCCCCCOC(=O)c1ccccc1,1.225
CCCCN(C)C(=O)Nc1ccc(Cl)c(Cl)c1,2.398
CCCCN(CC)c1c([N+](=O)[O-])cc(C(F)(F)F)cc1[N+](=O)[O-],1.525
CCCCN=C(NCCCC)C(OCC)c1ccc(Cl)cc1,3.169
CCCCNC(=O)NS(=O)(=O)c1ccc(C)cc1,2.036
CCCCNC(=O)NS(=O)(=O)c1ccc(N)cc1,1.541
CCCCNC(=S)Nc1ccccc1,3.143
CCCCNC(C)c1ccccc1,2.692
CCCCNc1ccccc1,1.964
CCCCNP(=S)(OCC)Sc1ccccc1,2.984
CCCCOC(=O)c1ccccc1,1.54
CCCCOC(=O)c1ccccc1C(=O)OCCCC,1.541
CCCCOC(=O)COc1ccc(Cl)cc1Cl,2.665
CCCCOC(=O)COc1ccc(Cl)cc1C,2.449
CCCCOc1ccc(CC(=O)NO)cc1,1.821
CCCCOc1ccccc1NC(C)=O,1.854
CCCCOCC(O)COc1ccccc1,1.976
CCCCOCCOC(=O)COc1ccc(Cl)cc1Cl,2.587
CCCCOCCOCCOC(=O)c1ccccc1C(=O)OCCOCCOCCCC,1.671
CCCCOCN(C(=O)CCl)c1c(CC)cccc1CC,2.253
CCCCOP(=O)(OCCCC)Oc1ccccc1,2.126
CCCCOP(=O)(SCC)SCc1ccccc1,2.544
CCCCSC(=O)Oc1c(C(C)CC)cc([N+](=O)[O-])cc1[N+](=O)[O-],3.385
CCCN(CCC)C(=O)C(CCC(=O)O)NC(=O)c1ccccc1,1.223
CCCN(CCC)c1c([N+](=O)[O-])cc(C)cc1[N+](=O)[O-],1.893
CCCN(CCC)c1c([N+](=O)[O-])cc(C(C)=O)cc1[N+](=O)[O-],2.615
CCCN(CCC)c1c([N+](=O)[O-])cc(C(C)C)cc1[N+](=O)[O-],1.791
CCCN(CCC)c1c([N+](=O)[O-])cc(S(N)(=O)=O)cc1[N+](=O)[O-],1.54
CCCN(CCC)S(=O)(=O)c1ccc(C(=O)O)cc1,2.251
CCCN(CCCl)c1c([N+](=O)[O-])cc(C(F)(F)F)cc1[N+](=O)[O-],2.361
CCCNC(=N)C(OCC)c1ccccc1,2.619
CCCNC(=O)NS(=O)(=O)c1ccc(Cl)cc1,2.11
CCCN=C(NCCC)C(OCC)c1ccccc1,3.4410000000000003
CCCOC(=O)c1cc(O)c(O)c(O)c1,2.005
CCCOC(=O)Cc1ccc(OCC(=O)N(CC)CC)c(OC)c1,2.6830000000000003
C#CCOP(=O)(OCCC)c1ccccc1,2.818
CCCOP(=S)(CC)SCOc1ccc(Cl)cc1Cl,3.658
CCCOP(=S)(CCl)Sc1ccc(Cl)cc1,3.596
CCCOP(=S)(OCCC)Oc1ccc(S(C)=O)cc1,3.828
CCCOP(C)(=S)Oc1ccc([N+](=O)[O-])cc1,4.963
CCCSC(=O)Oc1c(C(C)CC)cc([N+](=O)[O-])cc1[N+](=O)[O-],2.768
CCCSP(=O)(OCC)Oc1ccc(Br)cc1Cl,3.019
CCCSP(=O)(OCC)Oc1c(Cl)cc(Cl)cc1Cl,3.26
CCCSP(=O)(OCC)Oc1ccc(Cl)cc1Cl,3.012
CCCSP(=S)(OCC)Oc1ccc(Cl)cc1Cl,2.596
CCCSP(=S)(OCC)Oc1ccc(SC)cc1,3.696
CCCSP(C)(=S)Oc1ccc(Cl)cc1Cl,3.248
CCCSP(C)(=S)Oc1ccccc1,3.073
CC=CC(=O)N(CC)c1ccccc1C,2.132
C=C(C)CN(CC)c1c([N+](=O)[O-])cc(C(F)(F)F)cc1[N+](=O)[O-],1.523
CCN(CC)C(=O)c1ccc(O)c(OC)c1,3.161
CCN(CC)C(=O)c1ccc(C)cc1,1.92
CCN(CC)C(=O)c1cccc(C)c1,1.992
CCN(CC)C(=O)c1ccccc1,1.948
CCN(CC)C(=O)c1ccccc1C,2.199
CCN(CC)C(=O)c1ccccc1O,2.523
C=CCOc1ccccc1C(=O)N(CC)CC,2.8560000000000003
CCN(CC)C(=O)SCc1ccc(Cl)cc1,2.297
CCN(CC)c1c([N+](=O)[O-])cc(C(F)(F)F)c(N)c1[N+](=O)[O-],2.031
CCN(CC)c1cccc(OC(=O)NC)c1,3.388
CCN(CC)CC(=O)Nc1c(C)cccc1C,2.869
CCN(CC)CCNC(=O)c1cc(Br)c(N)cc1OC,2.8
CCN(CC)CCNC(=O)c1cc(Cl)c(N)cc1OC,2.602
CCN(CC)CCNC(=O)c1ccc(N)cc1,2.082
CCN(CC)CCNC(=O)COc1ccc(Cl)cc1,2.437
CCN(CC)CCOCCOC(=O)C(CC)(CC)c1ccccc1,3.263
CCN(CC)N=Nc1ccccc1,2.533
CCN(CC)S(=O)(=O)c1ccccc1,2.38
CCNC(=O)C(C)OC(=O)Nc1ccccc1,1.332
CCNC(C)c1ccccc1,2.6180000000000003
CCNC(C)Cc1cccc(C(F)(F)F)c1,3.25
CCNCC(O)c1cccc(O)c1,3.201
CCOC(=O)C(C)(C)Oc1ccc(Cl)cc1,2.412
CCOC(=O)C(CC(C)C)NC(=O)C(Cc1ccc(N(CCCl)CCCl)cc1)NC(C)=O,3.856
C=CCC(CCN(CC)CC)(C(=O)OCC)c1ccccc1,3.181
CCOC(=O)C(SP(=S)(OC)OC)c1ccccc1,3.4410000000000003
CCOC(=O)C=Cc1ccccc1,1.644
CCOC(=O)c1ccccc1N,1.644
CCOC(=O)c1ccccc1O,2.1
CCOC(=O)c1ccccc1,1.854
CCOC(=O)c1ccccc1C(=O)OCC,1.412
CCOC(=O)Cc1ccccc1,1.6969999999999998
CCOC(=O)CN(C(=O)CCl)c1c(CC)cccc1CC,2.132
CCOC(=O)NS(=O)(=O)c1ccc(Cl)cc1,2.841
CCOc1ccccc1C(N)=O,1.798
CC=Cc1ccc(OCC)c(O)c1,1.871
CCOc1cc(C=O)ccc1O,2.019
CCOc1cc(OCC)c(C(=O)CCC(=O)O)cc1OCC,2.103
CCOc1ccc(C=O)cc1,1.854
CCOc1ccc(N)cc1,2.374
CCOc1ccc(NC(C)=O)cc1,1.6969999999999998
CCOCCOc1ccc(Cl)cc1Cl,2.222
CCOP(=O)(CC)Sc1ccccc1,4.923
CCOP(=O)(NC(C)C)Oc1ccc(SC)c(C)c1,4.579
CCOP(=O)(Oc1ccc([N+](=O)[O-])cc1)SCC,4.211
CCOP(=O)(OCC)C(SCC)(Sc1ccccc1)P(=O)(OCC)OCC,4.279
CCOP(=O)(OCC)OC(=CCl)c1ccc(Cl)cc1Cl,4.556
CCOP(=O)(OCC)OC(C)=CC(=O)OC(C)c1ccccc1,3.722
CCOP(=O)(OCC)OC(=CCl)c1cc(Cl)ccc1Cl,4.012
CCOP(=O)(OCC)Oc1ccc([N+](=O)[O-])cc1,5.184
CCOP(=O)(OCC)Oc1ccc(S(C)(=O)=O)cc1,4.789
CCOP(=O)(OCC)Oc1ccc(SC)c(C)c1,4.509
CCOP(=O)(OCC)Sc1c(Cl)c(Cl)c(Cl)c(Cl)c1Cl,2.656
CCOP(=O)(OCC)Sc1ccc([N+](=O)[O-])cc1,4.82
CCOP(=O)(OCC)SCc1ccccc1,2.596
CCOP(=O)(OCC)SCSc1cc(Cl)ccc1Cl,3.978
CCOP(=S)(CC)Oc1cc(Cl)ccc1Cl,4.197
CCOP(=S)(CC)Oc1cc(Cl)c(Br)cc1Cl,4.033
CCOP(=S)(CC)Oc1cc(Cl)c(Cl)cc1Cl,4.347
CCOP(=S)(CC)Oc1ccc([N+](=O)[O-])c(C)c1,4.461
CCOP(=S)(CC)Oc1ccc(S(C)=O)cc1,5.0680000000000005
CCOP(=S)(CC)Oc1ccc([N+](=O)[O-])cc1Cl,4.129
CCOP(=S)(CC)Oc1ccc(Cl)cc1,3.445
CCOP(=S)(CC)Oc1ccc(Cl)cc1Cl,4.078
CCOP(=S)(CC)Sc1ccc(C)cc1,3.753
CCOP(=S)(CC)Sc1ccc(C(C)(C)C)cc1,3.3310000000000004
CCOP(=S)(CC)Sc1ccc(Cl)c(C)c1,3.67
CCOP(=S)(CC)Sc1ccc(Cl)cc1,4.939
CCOP(=S)(CC)Sc1ccccc1,4.914
CCOP(=S)(CC)Sc1ccccc1C,3.782
CCOP(=S)(CC)SCOc1ccc(Cl)cc1Cl,3.489
CCOP(=S)(CC)SCSc1ccc(Cl)cc1,4.284
CCOP(=S)(CCl)Oc1ccc([N+](=O)[O-])cc1,3.367
CCOP(=S)(CCl)Oc1ccc(C#N)cc1OC,3.634
CCOP(=S)(CCl)Sc1ccc(C)cc1,2.922
CCOP(=S)(NC(C)C)Oc1ccccc1C(=O)OC(C)C,4.091
CCOP(=S)(NC(C)CC)Oc1cc(C)ccc1[N+](=O)[O-],2.92
CCOP(=S)(NC)Oc1ccc(SC)c(C)c1,4.765
CCOP(=S)(OC)Oc1cc(Cl)c(Cl)cc1Cl,3.029
CCOP(=S)(OCC)OC(=CCl)c1cc(Cl)ccc1Cl,3.952
CCOP(=S)(OCC)OC(=CCl)c1ccc(Cl)cc1Cl,4.575
CCOP(=S)(OCC)Oc1cc(Cl)c(SC)cc1Cl,4.444
CCOP(=S)(OCC)Oc1cc(C)c(SC)c(C)c1,2.932
CCOP(=S)(OCC)Oc1ccc(SC)c(C)c1,4.34
CCOP(=S)(OCC)Oc1cc(Cl)c(Br)cc1Cl,3.88
CCOP(=S)(OCC)Oc1ccc([N+](=O)[O-])c(Cl)c1,3.814
CCOP(=S)(OCC)Oc1ccc([N+](=O)[O-])cc1,5.162999999999999
CCOP(=S)(OCC)Oc1ccc(S(C)=O)cc1,5.188
CCOP(=S)(OCC)Oc1ccc([N+](=O)[O-])cc1Cl,4.513
CCOP(=S)(OCC)Oc1ccc(Cl)cc1Cl,3.263
CCOP(=S)(OCC)Oc1ccc(N)cc1,2.764
CCOP(=S)(OCC)ON=C(C#N)c1ccccc1,2.998
CCOP(=S)(OCC)SC(C#N)c1ccccc1,3.479
CCOP(=S)(OCC)SC(C(=O)OCCF)c1ccccc1,4.865
CCOP(=S)(OCC)Sc1ccc(C)cc1,2.942
CCOP(=S)(OCC)SCC(=O)N(CCC#N)c1ccccc1,4.395
CCOP(=S)(OCC)SCc1cccc([N+](=O)[O-])c1,3.109
CCOP(=S)(OCC)SCc1ccc([N+](=O)[O-])cc1,3.507
CCOP(=S)(OCC)SCSc1cc(Cl)ccc1Cl,3.933
CCOP(=S)(OCC)SCSc1ccc(Cl)c(Cl)c1,3.627
CCOP(=S)(OCC)SCSc1ccc(Cl)cc1,4.703
CCOP(=S)(OCC)SCSCc1ccccc1,4.73
CCOP(=O)(O)Sc1ccc(C)cc1,3.667
CCP(=O)(OC)Oc1ccc(C)cc1,2.654
CCP(=O)(OC)Oc1ccc(C#N)cc1,5.46
CCP(=O)(OC)Oc1ccc([N+](=O)[O-])cc1,5.212999999999999
CCP(=O)(OC)Oc1ccc(S(C)(=O)=O)cc1,5.541
CCP(=O)(OC)Oc1ccc(Cl)cc1,3.379
CCP(=S)(Oc1ccc([N+](=O)[O-])cc1Cl)OC(C)C,4.005
CCP(=S)(OC)Oc1cc(Cl)c(Br)cc1Cl,3.658
CCP(=S)(OC)Oc1ccc([N+](=O)[O-])cc1Cl,4.109
CCP(=S)(OC)Sc1ccc(C)cc1,3.423
CCP(=S)(OC)Sc1ccc(C(C)(C)C)cc1,3.205
CCP(=S)(OC)Sc1ccc(Cl)c(C)c1,3.499
CCP(=S)(OC)Sc1ccccc1,3.412
CCP(=S)(OCC(C)C)Sc1ccc(Cl)cc1,3.726
CCP(=S)(OCCCl)Oc1ccc(C#N)cc1,5.1610000000000005
CCSC(=O)Oc1c(C(C)CC)cc([N+](=O)[O-])cc1[N+](=O)[O-],3.349
CCSC(SCC)c1ccccc1OC(=O)NC,2.757
CCSCc1ccccc1OC(=O)NC,3.052
Cl[Si](Cl)(Cl)c1ccccc1,1.947
C=C(Cl)c1ccc([N+](=O)[O-])cc1,2.4130000000000003
O=C(Cl)c1cccc(C(=O)Cl)c1,1.965
O=C(Cl)c1cccc([N+](=O)[O-])c1,1.878
ClC(Cl)(Cl)c1ccc(C(Cl)(Cl)Cl)cc1,1.99
ClC(Cl)(Cl)c1ccccc1,1.513
ClC(Cl)c1ccccc1,1.695
ClC=C(Cl)c1ccccc1,1.636
O=[N+]([O-])c1ccc(Cl)c([N+](=O)[O-])c1,2.277
O=[N+]([O-])c1ccccc1Cl,2.769
N#Cc1c(Cl)c(Cl)c(Cl)c(C#N)c1Cl,1.425
O=[N+]([O-])c1c(Cl)c(Cl)c(Cl)c(Cl)c1Cl,2.4290000000000003
Clc1c(Cl)c(Cl)c(Cl)c(Cl)c1Cl,1.455
Clc1ccc(Cl)c(Cl)c1Cl,2.267
Clc1ccccc1Cl,2.468
O=[N+]([O-])c1cccc(Cl)c1,2.574
O=[N+]([O-])c1c(Cl)c(Cl)cc(Cl)c1Cl,1.541
Clc1cc(Cl)c(Cl)c(Cl)c1,2.097
Clc1cc(Cl)c(Cl)c(Cl)c1Cl,2.365
Clc1ccc(Cl)c(Cl)c1,2.38
Clc1cc(Cl)c(Cl)cc1Cl,2.158
Clc1cc(Cl)cc(Cl)c1,2.356
O=[N+]([O-])c1ccc(Cl)cc1,2.574
C=CCNC(=O)NS(=O)(=O)c1ccc(Cl)cc1,2.138
O=S(=O)(Cl)c1ccc(Cl)cc1,1.696
O=Cc1ccc(Cl)cc1,1.951
O=[N+]([O-])c1cc(Cl)ccc1Cl,2.283
Clc1ccc(Cl)cc1,2.468
O=CNc1ccc(Cl)cc1,2.317
N#Cc1c(Cl)cccc1Cl,1.803
Clc1ccccc1,1.692
N#CC(C#N)=Cc1ccccc1Cl,3.025
O=C(Nc1cccc(Cl)c1)OCC#CCCl,2.69
O=C(CCl)c1ccccc1,3.49
O=C(COc1ccc(Cl)cc1Cl)OCC=CCCl,2.753
ClCc1ccc(CCl)cc1,1.993
ClCc1ccccc1,2.012
O=[N+]([O-])c1ccc(OP(=O)(OCCCCl)OCCCCl)cc1,4.052
ClCCN(CCCl)c1ccccc1,2.96
O=[N+]([O-])c1ccc(OP(=O)(OCCCl)OCCCl)cc1,3.968
CC(=O)N(C)C(=O)Oc1cc(C)c(C)cc1Cl,1.806
CC(=O)N(C)C(=O)Oc1cccc(C(C)(C)C)c1,2.397
CC(=O)Nc1c(I)c(C(=O)O)c(I)c(N(C)C(C)=O)c1I,1.217
CN(C)C(=O)c1ccccc1O,1.856
CN(C)C(=O)CCNc1ccc(Br)cc1,2.176
CN(C)C(=O)Nc1ccc(Cl)c(Cl)c1,2.36
CN(C)C(=O)Nc1cccc(OC(=O)NC(C)(C)C)c1,1.969
Cc1ccc(NC(=O)N(C)C)cc1Cl,1.564
CN(C)C(=O)Nc1ccc(Cl)cc1,2.276
CN(C)C(=O)Nc1cccc(C(F)(F)F)c1,2.185
CN(C)C(=O)Nc1ccccc1,1.409
Cc1cc(Cl)ccc1NC(=S)N(C)C,1.961
Cc1cccc(NC(=S)N(C)C)c1,1.946
Cc1cc(Cl)ccc1N=CN(C)C,3.09
CN(C)c1ccc(SC#N)cc1,2.552
CN(C)c1ccccc1,1.934
CN(C)Cc1cc(CN(C)C)c(O)c(CN(C)C)c1,2.345
CN(C)Cc1ccccc1,2.708
CN(C)CCOC(=O)COc1ccc(Cl)cc1,1.996
Cc1ccccc1N=NN(C)C,2.669
CN(C)N=Nc1ccccc1C(N)=O,3.536
Cc1cccc(N=NN(C)C)c1,2.736
CN(C)N=Nc1ccc(Br)cc1,2.732
Cc1ccc(N=NN(C)C)cc1,2.616
CN(C)N=Nc1ccc(C(N)=O)cc1,3.551
CN(C)N=Nc1ccc([N+](=O)[O-])cc1,2.067
CN(C)N=Nc1ccc(Cl)cc1,2.705
CN(C)N=Nc1ccc(F)cc1,2.71
CN(C)N=Nc1ccc(I)cc1,2.681
CC(=O)Nc1ccc(N=NN(C)C)cc1,2.607
CN(C)N=Nc1ccccc1,2.682
Cc1ccc(N(SC(F)(Cl)Cl)S(=O)(=O)N(C)C)cc1,2.541
CN(C)S(=O)(=O)N(SC(F)(Cl)Cl)c1ccccc1,2.824
C#CCN(C)Cc1ccccc1,2.725
Cc1cccc(CN(C)N=O)c1,2.437
Cc1ccc(CN(C)N=O)cc1,2.613
CN(Cc1ccccc1)N=O,3.921
CN(CCc1ccccc1)N=O,3.534
CN(N=O)c1ccc(C=O)cc1,1.914
CN(N=O)c1ccccc1,2.782
Cc1ccc(S(=O)(=O)N(C)N=O)cc1,1.9
CNC(=N)NC(=O)Nc1c(C)cccc1C,3.0780000000000003
CNC(=O)c1ccc(Cl)c(S(=O)(=O)NC)c1,2.273
CNC(=O)Nc1ccccc1,1.64
CNC(=O)Oc1cc(C)c(N(C)C)cc1C(C)C,3.572
CNC(=O)Oc1cccc(C(C)C)c1Cl,3.813
CNC(=O)Oc1cc(C)c(C)cc1Cl,3.853
CNC(=O)Oc1cc(C(C)C)ccc1Cl,4.035
C#CCOc1ccccc1OC(=O)NC,3.409
C=CCOc1ccccc1OC(=O)NC,3.015
CNC(=O)Oc1cc(C(C)(C)C)cc(C(C)(C)C)c1,2.165
CNC(=O)Oc1cc(C(C)C)cc(C(C)C)c1,3.071
CNC(=O)Oc1cc(C)cc(C(C)C)c1,3.772
CNC(=O)Oc1ccc(NC(=O)OC)c(C(C)C)c1,3.994
CNC(=O)Oc1cc(C)c(S(C)=O)c(C)c1,3.759
CNC(=O)Oc1cc(C)c(C)c(C)c1,3.036
CNC(=O)Oc1ccc(C)c(C)c1,2.7910000000000004
CNC(=O)Oc1ccc(N(C)C)c(C)c1,3.841
CNC(=O)Oc1cc(C)c(N(C)C)c(C)c1,4.2010000000000005
C=CCN(CC=C)c1c(C)cc(OC(=O)NC)cc1C,3.489
CNC(=O)Oc1cc(C)c(NC(=O)O)c(C)c1,3.526
CNC(=O)Oc1cc(C(C)C)c(OC(=O)NC)cc1C,3.67
CNC(=O)Oc1cc(C)c(SC)c(C)c1,4.353
CNC(=O)Oc1ccc(SC)c(C)c1,3.626
CNC(=O)Oc1cc(C)cc(C)c1,2.519
CNC(=O)Oc1cccc(C)c1,2.79
C#CCOc1cccc(OC(=O)NC)c1,3.136
CNC(=O)Oc1ccc(C)c(N(C)C)c1,3.656
CNC(=O)Oc1ccc(C)c(C)c1C,2.784
C=CCN(CC=C)c1ccc(OC(=O)NC)cc1,3.4530000000000003
CNC(=O)Oc1ccc(CC#N)cc1,2.571
CNC(=O)Oc1ccc(CCC#N)cc1,2.518
CNC(=O)Oc1ccc(N=CN(C)C)c(C)c1,4.513999999999999
CNC(=O)Oc1cccc(C(C)C)c1,4.082
CNC(=O)Oc1ccccc1,2.447
CNC(=O)Oc1ccccc1C(C)C,3.036
C=CC(COC)c1ccccc1OC(=O)NC,3.372
CNC(=O)Oc1ccccc1CCCSC,3.037
CNC(=O)Oc1ccccc1Cl,2.457
C#CCN(C)c1ccccc1OC(=O)NC,3.5610000000000004
CNC(=O)Oc1ccccc1OC(C)C,3.4760000000000004
CNC(=O)OCc1ccc(Cl)c(Cl)c1,2.0980000000000003
CNC(C)C(O)c1ccccc1,2.399
CNCC(O)c1cccc(O)c1,2.679
CNP(=O)(NC)Oc1ccccc1,3.155
CNP(=O)(OC)Oc1ccc(C(C)(C)C)cc1Cl,2.802
CNS(=O)(=O)c1cc(Cl)c(Cl)cc1Cl,1.731
COC(=O)C(Cl)Cc1ccc(Cl)cc1,2.337
COC(=O)C=Cc1ccccc1,1.793
COC(=O)c1ccccc1C(=O)OC,1.456
COC(=O)c1c(Cl)c(Cl)c(C(=O)OC)c(Cl)c1Cl,2.044
COC(=O)c1c(Cl)c(Cl)c(C(=O)SC)c(Cl)c1Cl,2.023
COC(=O)c1ccccc1N,1.716
COC(=O)c1ccccc1O,2.234
COC(=O)c1ccc(C)cc1,1.658
COC(=O)c1ccccc1,2.063
COC(=O)Cc1ccccc1,1.77
COC(=O)NC(=S)Nc1ccccc1NC(=S)NC(=O)OC,1.712
COC(=O)Nc1ccc(Cl)c(Cl)c1,2.625
COC(=O)NS(=O)(=O)c1ccc(N)cc1,2.061
COC(Cc1ccccc1)OC,1.6769999999999998
COC(OC)C(C)c1ccccc1,1.989
COC(OC)c1ccccc1,2.096
COc1c(Cl)cc(Cl)c(Cl)c1C(=O)O,2.93
COc1c(C(C)(C)C)cc([N+](=O)[O-])c(C)c1[N+](=O)[O-],2.898
COc1ccccc1[N+](=O)[O-],2.316
COc1c(Cl)c(Cl)c([N+](=O)[O-])c(Cl)c1Cl,3.049
COc1c(O)c(Cl)c(Cl)c(Cl)c1Cl,2.19
COc1c(O)cc(Cl)c(Cl)c1Cl,1.883
COc1ccc(N)cc1Cl,2.457
COc1c(Cl)ccc(Cl)c1C(=O)O,2.3280000000000003
COc1ccc([N+](=O)[O-])cc1N,1.874
COc1cc(C=O)ccc1O,1.984
C=CCc1ccc(O)c(OC)c1,1.93
COc1ccccc1O,2.234
CC=Cc1ccc(OC(C)=O)c(OC)c1,1.777
C=CCc1ccc(OC(C)=O)c(OC)c1,2.092
COc1ccc(N)c(S(=O)(=O)O)c1,1.308
COc1ccc(O)c(C(C)(C)C)c1,1.955
COc1cc(C#N)ccc1OP(=S)(OC)OC,2.004
CC=Cc1ccc(O)c(OC)c1,2.022
C=CCc1ccc(OC=O)c(OC)c1,1.7519999999999998
COc1cc(CCC(C)=O)ccc1O,1.877
COc1cc(Cl)c(OC)cc1Cl,1.275
COc1ccc(C)cc1,1.804
COc1ccc(C)cc1N,1.976
COc1ccc(C(C)=O)cc1,1.941
COc1ccc([N+](=O)[O-])cc1,1.77
COc1ccc(N=NN(C)C)cc1,2.713
COc1ccc(C(C)=O)cc1C,2.039
COc1ccc([N+](=O)[O-])cc1Cl,2.201
CC=Cc1ccc(OC)cc1,1.851
COc1ccc(C=O)cc1,1.955
COc1ccc(C=O)cc1OC,1.92
COc1ccc(CC(C)=O)cc1,1.693
COc1ccc(CC(=O)O)cc1,2.03
C=CCc1ccc(OC)c(OC)c1,2.1790000000000003
COc1ccc(CO)cc1,2.061
COc1ccc(N)c([N+](=O)[O-])c1,1.0759999999999998
COc1ccc(N)c(OC)c1,2.519
COc1ccc(N)cc1,1.944
COc1ccc(N)cc1N,2.478
COc1ccc(NC(=O)N(C)C)cc1Cl,2.155
COc1ccc(O)cc1,1.89
COc1ccc(OC(=O)C=C(C)OP(=O)(OC)OC)cc1,3.4960000000000004
COc1ccc(OC)cc1,1.584
COc1ccc(SP(=S)(CCl)OC(C)C)cc1,3.459
COc1cccc(O)c1,2.318
COc1ccccc1,1.466
COc1ccccc1C=O,1.736
COc1ccccc1N,1.789
COc1ccccc1OC,2.191
COc1ccccc1OCC(O)CO,2.1180000000000003
COc1ccccc1OCC(O)COC(N)=O,2.262
COCC(=O)N(c1c(C)cccc1C)C(C)C(=O)OC,2.6210000000000004
COCC(=O)N(C)C(=O)Oc1ccccc1OC(C)C,3.604
COCc1ccccc1,1.096
COCCc1ccccc1,1.521
COCCN(C(=O)CCl)c1c(C)cccc1C,2.204
CON(C)C(=O)Nc1ccc(Br)c(Cl)c1,2.135
CON(C)C(=O)Nc1ccc(Br)cc1,2.112
CON(C)C(=O)Nc1ccc(Cl)c(Cl)c1,2.337
CON(C)C(=O)Nc1ccc(Cl)cc1,2.076
COP(=O)(Oc1ccccc1)OC(Br)C(Cl)(Cl)Br,2.947
COP(=O)(OC)OC(=CBr)c1ccc(Cl)cc1Cl,3.2230000000000003
COP(=O)(OC)OC(=CCl)c1cc(Cl)ccc1Cl,1.942
COP(=O)(OC)OC(C)=CC(=O)OC(C)c1ccccc1,3.913
COP(=O)(OC)OC(C)=CC(=O)Oc1ccc(C)cc1,3.232
COP(=O)(OC)OC(C)=CC(=O)OCc1ccc(Cl)cc1,3.382
COP(=O)(OC)OC(C)=CC(=O)OCc1ccccc1,3.729
COP(=O)(OC)OC(=CCl)c1cc(Cl)c(Cl)cc1Cl,2.882
COP(=O)(OC)OC(=CCl)c1ccc(Cl)cc1Cl,3.532
COP(=O)(OC)Oc1ccc([N+](=O)[O-])c(C)c1,4.037
COP(=O)(OC)Oc1ccc(S(C)(=O)=O)c(C)c1,3.992
COP(=O)(OC)Oc1ccc([N+](=O)[O-])c(Cl)c1,4.45
COP(=O)(OC)Oc1ccc([N+](=O)[O-])cc1,4.878
COP(=O)(OC)Oc1ccc(Cl)cc1Cl,2.734
COP(=O)(OC)Oc1ccc(SC)cc1,4.55
COP(=O)(OC)OCc1ccccc1,5.084
COP(=O)(OC)Sc1ccc([N+](=O)[O-])cc1,3.788
COP(=O)(Oc1ccc([N+](=O)[O-])c(C)c1)SC,2.945
COP(=S)(NC(C)C)Oc1ccc(C)cc1[N+](=O)[O-],2.9930000000000003
COP(=S)(NC(C)C)Oc1ccc(Cl)cc1Cl,3.0660000000000003
COP(=S)(Oc1ccc([N+](=O)[O-])cc1)OC(C)C,4.765
COP(=S)(OC)OC(=CCl)c1ccc(Cl)cc1Cl,3.4960000000000004
COP(=S)(OC)Oc1cc(Cl)c(Br)cc1Cl,2.359
COP(=S)(OC)Oc1cc(Cl)c(Cl)cc1Cl,2.7110000000000003
COP(=S)(OC)Oc1ccc(S(C)(=O)=O)c(C)c1,3.395
COP(=S)(OC)Oc1ccc(S(C)=O)c(C)c1,3.372
COP(=S)(OC)Oc1cc(C)c(SC)c(C)c1,2.466
COP(=S)(OC)Oc1ccc(SC)c(C)c1,3.189
COP(=S)(OC)Oc1cc(Cl)c(I)cc1Cl,2.249
COP(=S)(OC)Oc1ccc([N+](=O)[O-])c(C)c1,3.045
COP(=S)(OC)Oc1ccc([N+](=O)[O-])c(Cl)c1,2.678
COP(=S)(OC)Oc1ccc([N+](=O)[O-])c(SC(C)C)c1,2.471
COP(=S)(OC)Oc1ccc(C#N)cc1,3.054
COP(=S)(OC)Oc1ccc([N+](=O)[O-])cc1,4.641
COP(=S)(OC)Oc1ccc(S(=O)(=O)N(C)C)cc1,4.065
COP(=S)(OC)Oc1ccc(S(N)(=O)=O)cc1,3.269
COP(=S)(OC)Oc1ccc(C#N)cc1Cl,3.444
COP(=S)(OC)Oc1ccc([N+](=O)[O-])cc1Cl,3.02
COP(=S)(OC)SC(C(=O)OC(C)C)c1ccccc1,3.213
COP(=S)(OC)SC(SP(=S)(OC)OC)c1ccccc1,3.16
COP(=S)(OC)Sc1ccc(Cl)cc1,2.73
COP(=S)(OC)SCC(=O)N(C)C(=O)Oc1cccc(C(C)C)c1,2.957
COP(=S)(OC)SCCSc1ccc(Cl)cc1,3.517
COP(=S)(OC)SCSc1cccc(Cl)c1Cl,3.668
COP(=S)(OC)SCSc1cc(Cl)ccc1Cl,3.201
COP(=S)(OC)SCSc1cc(Cl)cc(Cl)c1,2.897
COP(=S)(OC)SCSc1cccc(Cl)c1,3.623
COP(=S)(OC)SCSc1ccc(Cl)c(Cl)c1,3.201
COP(=S)(OC)SCSc1ccc(Cl)cc1,3.817
COP(=S)(OC)SCSc1ccccc1,4.244
COP(=S)(OC)SCSc1ccccc1Cl,4.384
COP(C)(=S)Oc1ccc(S(C)=O)c(C)c1,4.967
COP(C)(=S)Oc1ccc(Cl)cc1Cl,3.232
COP(C)(=S)Sc1ccccc1,3.1630000000000003
COP(C)(=S)SCSc1ccc(Cl)cc1,3.984
COP(N)(=S)Oc1cc(Cl)c(Cl)cc1Cl,2.641
COP(N)(=S)Oc1ccc(C(C)(C)C)cc1Cl,2.5540000000000003
COS(=O)(=O)c1ccc(C)cc1,2.737
COS(=O)(=O)c1ccccc1,2.367
C=C(Cl)COP(C)(=S)Oc1ccc([N+](=O)[O-])c(C(F)(F)F)c1,3.274
C=C(Cl)COP(C)(=S)Oc1ccc([N+](=O)[O-])cc1,3.983
CP(=S)(OCCCCCl)Oc1ccc([N+](=O)[O-])c(C(F)(F)F)c1,3.695
CS(=O)(=O)c1ccc(C(O)C(CO)NC(=O)C(Cl)Cl)cc1,1.707
CS(=O)(=O)c1ccc(Cl)cc1,2.678
CS(=O)(=O)c1ccccc1,2.026
CS(=O)(=O)N(SC(Cl)(Cl)C(F)(Cl)Cl)c1ccccc1,1.889
CS(=O)(=O)Oc1ccc(Cl)cc1Cl,1.936
CS(=O)c1ccc(Cl)cc1,2.577
CSc1c(C)cc(OC(=O)N(C)C(C)=O)cc1C,2.749
CSc1ccc(Cl)cc1,2.5980000000000003
CSc1ccccc1,2.144
CSCC(=O)N(C)C(=O)Oc1ccccc1OC(C)C,2.66
F[Si](F)(F)c1ccccc1,2.719
FC(Cl)(Cl)c1ccccc1,2.6
FC(F)(F)c1ccccc1Br,1.918
O=[N+]([O-])c1cc(C(F)(F)F)cc([N+](=O)[O-])c1Cl,2.464
O=[N+]([O-])c1cc(C(F)(F)F)ccc1Cl,2.322
O=C=Nc1cccc(C(F)(F)F)c1,2.283
FC(F)(F)c1ccc(Cl)cc1,1.143
O=[N+]([O-])c1cccc(C(F)(F)F)c1,2.496
FC(F)(F)c1ccccc1,0.989
Fc1ccccc1,1.339
O=C(CF)NC(=O)Nc1ccccc1,3.895
Ic1ccccc1,2.055
N#CC=Cc1ccccc1,1.493
N#CCc1ccccc1,2.637
N=C(N)NC(=N)NCCc1ccccc1,2.499
NC(=O)c1ccc([N+](=O)[O-])cc1,2.543
NC(=O)c1ccccc1O,2.146
C=CCOc1ccccc1C(N)=O,2.356
NC(=O)NC(=O)Cc1ccccc1,2.047
NC(=O)Nc1ccccc1,1.833
NC(=O)NCc1ccccc1,1.745
NC(=O)OC(CCl)Cc1ccccc1,2.64
NC(=O)OCC(O)COc1ccc(Cl)cc1,2.59
NC(=O)OCCCc1ccccc1,2.208
NC(=S)c1c(Cl)cccc1Cl,2.435
NC(=S)Nc1cccc(Cl)c1,3.873
NC(=S)Nc1cc(Cl)ccc1Cl,2.867
NC(=S)Nc1ccccc1,4.705
Nc1c(Br)cc([N+](=O)[O-])cc1[N+](=O)[O-],1.766
Nc1cc(Cl)cc(C(=O)O)c1Cl,1.77
Nc1c(Cl)cc(Cl)cc1Cl,1.7080000000000002
Nc1cc(Cl)ccc1Cl,1.747
Nc1ccc([N+](=O)[O-])cc1N,2.352
Nc1ccccc1N,2.005
Nc1ccccc1O,1.924
Nc1ccc(N)c([N+](=O)[O-])c1,1.6969999999999998
Nc1ccc(O)c([N+](=O)[O-])c1,2.021
Nc1cccc(C(F)(F)F)c1,2.526
Nc1cccc([N+](=O)[O-])c1,2.412
Nc1cc(Cl)c(N)c(Cl)c1,2.403
Nc1cccc(Cl)c1,2.698
Nc1cc(Cl)ccc1O,2.318
Nc1ccc(S(=O)(=O)O)c(N)c1,1.733
Nc1cccc(O)c1,2.072
Nc1ccc(Br)cc1,2.577
Nc1ccc([N+](=O)[O-])cc1,2.265
Nc1ccc(S(N)(=O)=O)cc1,1.645
Nc1ccc(Cl)cc1,2.614
Nc1ccc(F)cc1,2.426
Nc1ccc(I)cc1,2.622
Nc1ccc(N)cc1,3.131
Nc1ccc(O)cc1,2.464
N#CSc1ccc(N)cc1,2.7960000000000003
Nc1ccccc1,2.571
Nc1ccccc1[N+](=O)[O-],1.936
NCC(CC(=O)O)c1ccc(Cl)cc1,3.168
NCC(O)c1ccc(O)cc1,2.092
NCC(O)c1cccc(O)c1,2.594
NCc1cccc(CN)c1,2.166
NNc1ccccc1,2.76
NS(=O)(=O)c1ccc(Cl)c(S(N)(=O)=O)c1,2.901
NS(=O)(=O)c1cc(Cl)c(Cl)c(S(N)(=O)=O)c1,2.07
NS(=O)(=O)c1ccccc1,2.2
O=C=Nc1ccccc1,2.103
O=C=NCc1cccc(CN=C=O)c1,1.546
O=CC=Cc1ccccc1,1.775
O=Cc1ccc([N+](=O)[O-])cc1,1.507
O=Cc1ccccc1,1.912
O=CCc1ccccc1,1.889
O=COCCCc1ccccc1,1.604
O=[N+]([O-])c1cc([N+](=O)[O-])cc([N+](=O)[O-])c1,2.881
O=[N+]([O-])c1cccc([N+](=O)[O-])c1,3.307
N#CC(=Cc1ccc(Cl)cc1Cl)C(=O)O,3.685
O=C(O)C=Cc1ccccc1,1.773
O=C(O)c1c(Cl)ccc(Cl)c1Cl,2.54
O=C(O)c1cc(S(=O)(=O)O)ccc1O,1.95
O=C(O)c1cc(O)ccc1O,2.285
O=C(O)c1ccccc1O,2.19
O=C(O)c1ccccc1OP(=O)(O)O,2.296
O=C(O)c1cc(C(=O)O)cc(S(=O)(=O)O)c1,1.976
O=C(O)c1cc([N+](=O)[O-])cc([N+](=O)[O-])c1O,2.424
O=C(O)c1cccc(C(=O)O)c1,1.203
O=C(O)c1cc(Cl)cc([N+](=O)[O-])c1Cl,1.829
O=C(O)c1cc(Cl)ccc1O,2.839
O=C(O)c1ccc([N+](=O)[O-])cc1,1.931
O=C(O)c1ccc(Cl)c([N+](=O)[O-])c1,1.806
O=C(O)c1ccc(Cl)cc1,2.127
N#CSc1cccc(C(=O)O)c1,3.39
O=C(O)c1ccccc1,1.856
O=C(O)Cc1c(Cl)ccc(Cl)c1Cl,2.129
C=CCOc1ccc(CC(=O)O)cc1Cl,2.334
O=C(O)Cc1ccccc1,1.7819999999999998
O=C(O)CCCc1ccc(N(CCCl)CCCl)cc1,3.602
O=C(O)CCCOc1ccc(Cl)cc1Cl,2.551
O=C(O)COc1cc(Cl)c(Cl)cc1Cl,2.93
O=C(O)COc1ccc(Cl)cc1Cl,2.77
O=C(O)COc1ccc(Cl)cc1,2.341
O=C(O)COc1ccccc1,1.614
Oc1c(Br)c(Br)c(Br)c(Br)c1Br,3.388
Oc1c(Br)cc(Br)cc1Br,2.219
N#Cc1cc(Br)c(O)c(Br)c1,3.164
O=[N+]([O-])c1ccc(O)c([N+](=O)[O-])c1,3.788
O=[N+]([O-])c1ccccc1O,2.62
Oc1cc(Cl)c(Cl)c(Cl)c1Cl,3.219
Oc1c(Cl)c(Cl)c(Cl)c(Cl)c1Cl,3.994
Oc1c(Cl)cc(Cl)c(Cl)c1Cl,3.219
Oc1cc(Cl)c(Cl)cc1Cl,2.382
Oc1ccc(Cl)cc1Cl,2.449
Oc1c(Cl)cc(Cl)cc1Cl,2.382
N#Cc1cc(I)c(O)c(I)c1,3.528
O=[N+]([O-])c1cc(I)c(O)c(I)c1,3.362
Oc1c(I)cc(I)cc1I,2.373
Oc1ccccc1O,2.627
Oc1cccc(Cl)c1,2.353
Oc1cc(Cl)ccc1Cl,2.449
Oc1cc(O)cc(O)c1,1.385
Oc1cccc(O)c1,2.563
O=[N+]([O-])c1ccc(O)cc1,2.745
O=[N+]([O-])c1ccc(O)c(Cl)c1,2.285
Oc1ccc(Cl)c(O)c1,2.593
Oc1ccc(O)cc1,2.537
O=[N+]([O-])c1cccc(O)c1,2.627
Oc1ccccc1,2.4730000000000003
O=Cc1ccccc1O,2.371
O=C(CO)Nc1ccccc1,1.949
O=C(NC(CO)C(O)c1ccc([N+](=O)[O-])cc1)C(Cl)Cl,2.111
OCC(O)Oc1ccc(Cl)cc1Cl,2.319
OCC=Cc1ccccc1,1.827
OCc1ccccc1,1.944
O=C(CCO)OCCc1ccccc1,1.396
OCCc1ccccc1,1.834
OCCCc1ccccc1,1.7719999999999998
OCCN(CCO)c1ccccc1,2.267
C=CCOc1ccccc1C(=O)NCCO,2.2840000000000003
OCCNc1ccccc1,1.789
OCCNCCc1ccccc1,1.946
OCCOc1ccccc1,2.04
OCCOCc1ccccc1,2.107
OCCOCCOc1ccccc1,1.93
O=[N+]([O-])c1ccc(C=NO)cc1,2.965
ONc1ccccc1,3.0380000000000003
O=P(O)(O)OC(=CCl)c1ccc(Cl)cc1Cl,4.368
O=S(=O)(O)c1ccccc1,2.25
Sc1ccccc1,3.377
SCc1ccccc1,2.401
C#CC(C)(C)NC(=O)C=Cc1cc(OC)c(OC)c(OC)c1,2.7260000000000004
CCOP(=O)(CC)Sc1ccc(Cl)cc1,4.659
CC(=O)Oc1ccccc1C(=O)O,2.955
O=C(CF)NNc1ccccc1,4.267
Cc1ccccc1CN(C)N=O,3.261
CN(C)C(=O)SCCCCOc1ccccc1,2.343
NCCOCNc1ccccc1,5.425
Cc1ccc(CC(C)N)cc1,2.998
Cc1ccc(O)c(C(C)(C)C)c1,1.818
CS(=O)(=O)N(SC(Cl)(Cl)C(F)(Cl)Cl)c1ccc(Cl)cc1,2.458
CCN(C(C)=O)c1c(I)cc(I)c(OCCOC(C)C(=O)O)c1I,2.624
CC(=O)Nc1c(I)cc(I)c(OCCOC(C)C(=O)O)c1I,1.816
N#CCON=C(C#N)c1ccccc1,1.91
CCOP(=S)(OCC)Oc1ccc([N+](=O)[O-])c(C)c1,4.485
NC(Cc1ccc(O)c(O)c1)C(=O)O,2.044
CCN(CC)C(=O)Cc1ccccc1,2.365
CNC(=O)NNc1cc(C(F)(F)F)cc(C(F)(F)F)c1,2.147
CN(C)P(=O)(OC=C(Cl)Cl)c1ccc(Cl)cc1,2.799
CCN(CC)C(=O)c1ccccc1OCCO,2.5
C=CCOc1ccccc1C(=O)N(C)C,2.443
COC(=O)c1cccc(C)c1O,1.636
CCCCOCCOC(=O)COc1cc(Cl)c(Cl)cc1Cl,2.852
CCC(=O)OCCOc1ccccc1,1.645
CCOc1ccc(NCCC#N)cc1,1.617
CCOP(=S)(OC)Oc1ccc([N+](=O)[O-])cc1,4.988
CCCCCCCc1ccc(C)cc1O,1.793
CCNP(=S)(OC)Oc1cc(Cl)c(Cl)cc1Cl,2.8710000000000004
CCCCCCCCCc1ccc(C)cc1O,1.768
CCCCCCCCc1ccc(C)cc1O,1.741
O=CNc1ccc(Br)cc1,2.252
CC(=O)Nc1cc(Cl)ccc1Cl,1.6969999999999998
C=Cc1ccc(OC(C)=O)cc1,2.033
C=CC(C)(CCC=C(C)C)OC(=O)C=Cc1ccccc1,1.456
CNC(=S)NNc1cc(C(F)(F)F)cc(C(F)(F)F)c1,2.884
CSc1ccc(OP(C)(C)=S)cc1C,3.148
O=C(NCCO)c1ccccc1O,1.625
CCOP(=O)(OCC)OC(=C(Cl)Cl)c1cc(Cl)cc(Cl)c1,4.294
CCCCOC(=O)C(Cl)(Cl)Oc1ccccc1,2.267
O=C(CF)NCc1ccc(Br)cc1,2.778
Cc1cccc(C)c1N(COCC(C)C)C(=O)CCl,2.204
CCOCCOCCOc1ccccc1,1.992
COP(N)(=S)Oc1ccccc1C(=O)OC(C)C,3.762
CC(C)(CNc1ccc(N=O)cc1)[N+](=O)[O-],1.913
C=CCOC(=O)c1ccc(C(=O)OCC=C)c(C(=O)OCC=C)c1,2.139
CC(C)(C)C(=O)COc1ccc(Cl)cc1,1.6880000000000002
CC(C)(O)C(C)(O)c1ccc(Cl)cc1,2.412
CCCN=C(NCCC)C(OCC)c1ccc(Cl)cc1,3.8
CCc1cccc(C)c1N,2.184
CNC(=O)Oc1cc(C(C)C)ccc1C,2.919
CC(C)(N=C=O)c1cccc(C(C)(C)N=C=O)c1,1.725
CCCCNC(=O)c1ccccc1,1.538
Nc1c(Cl)cc(Cl)cc1C(=O)O,1.699
COc1ccc(OC)c(CC(C)N)c1,3.0580000000000003
COP(=S)(OC)SCC(=O)N(c1ccc(Cl)cc1)C(C)C,2.892
CC(C)=NOC(=O)Nc1ccccc1,2.096
CC(C)(C)c1cc(CCC(=O)NCCN)cc(C(C)(C)C)c1O,2.313
C=Cc1cccc(C)c1,1.719
C=C(C)c1ccc(C(C)(C)N=C=O)cc1,1.66
CCCCOC(=O)COC(=O)c1ccccc1C(=O)OCCCC,1.682
CNC(=O)Oc1ccc(NC(=O)C(F)(F)Cl)c(C)c1,3.781
CCS(=O)(=O)Nc1c(C)cc(OC(=O)NC)cc1C,2.565
O=S(=O)(Cl)c1ccccc1Cl,1.449
O=C(Cl)c1cc(Cl)cc(Cl)c1,2.421
O=C=Nc1cccc(Cl)c1,1.5630000000000002
O=C(Cl)c1cccc(Cl)c1Cl,1.953
CC(=O)c1c(Cl)c(Cl)c(Cl)c(Cl)c1Cl,2.369
CC(C)CCOC(=O)c1ccccc1O,1.8
CCC=CCCOC(=O)c1ccccc1O,1.644
Clc1cccc(Cl)c1Cl,1.996
CCSC(=O)COc1ccc(Cl)cc1C,2.491
COC(=O)CNCP(=O)(O)Oc1ccccc1,1.801
COCc1cc(C(C)(C)C)c(O)c(C(C)(C)C)c1,1.371
CC(C)c1ccccc1C(C)C,1.464
CO[Si](C)(OC)c1ccccc1,2.31
N#Cc1ccc(F)cc1C#N,4.019
CC(C)(C)c1ccccc1O,2.533
CCN(CC)CCOCc1cc(Br)cc(Br)c1OC,2.898
CN(C)Cc1cc(C(C)(C)C)c(O)c(C(C)(C)C)c1,2.408
Cc1ccc(N)c(S(=O)(=O)O)c1,1.204
CC(=O)OCC(C(OC(C)=O)c1ccccc1)[N+](=O)[O-],1.939
O=C(O)c1cc(I)cc(I)c1I,2.789
O=[N+]([O-])c1cc([N+](=O)[O-])c(O)c([N+](=O)[O-])c1,3.059
Nc1ccc(O)c(C(=O)O)c1,1.7380000000000002
Cc1ccc(C)c([N+](=O)[O-])c1,1.7919999999999998
CCCOC(=O)COc1cccc(C(C)(C)C)c1,2.143
COP(=S)(OC)Oc1ccc(SC)cc1,4.422
CCCCOC(=O)Cc1ccc(N(CCCl)CCCl)cc1,4.22
Nc1ccc(Cl)cc1[N+](=O)[O-],2.635
CC(C)CCC(C)Nc1ccc(NC(C)CCC(C)C)cc1,2.609
CCC(C)c1ccccc1O,2.672
CCCCCCCCCCCOC(=O)Cc1ccc(N(CCCl)CCCl)cc1,3.935
CCCCCCCCCCCCOC(=O)Cc1ccc(N(CCCl)CCCl)cc1,3.791
O=C(NO)c1ccccc1O,1.486
CCCCCCCCCCCCCCOC(=O)Cc1ccc(N(CCCl)CCCl)cc1,4.012
O=C(Cl)c1ccc(Cl)cc1Cl,1.655
CCCCCCCCCCCCCCCCOC(=O)Cc1ccc(N(CCCl)CCCl)cc1,3.699
CCCCOC(C)COC(=O)COc1cc(Cl)c(Cl)cc1Cl,2.869
O=Cc1ccccc1Cl,1.813
CCCCCCCCCCCCCCCCCCOC(=O)Cc1ccc(N(CCCl)CCCl)cc1,3.422
CCCCCCCCCCOC(=O)Cc1ccc(N(CCCl)CCCl)cc1,3.443
COc1cccc(OC)c1O,2.448
CSc1ccc(O)cc1C,1.6569999999999998
N#Cc1ccccc1C#N,3.631
O=Cc1cccc(Br)c1,2.216
CC(C)(C)C(=O)CCc1ccc(Cl)cc1,1.854
CCN(CCO)c1cccc(C)c1,2.117
Cc1cccc(N(CCO)CCO)c1,1.7990000000000002
CN(C)C(=O)ON=C(C#N)c1ccccc1,3.848
OCCN(CCO)c1cccc(Cl)c1,1.622
CCCCc1ccccc1O,2.375
CCN(CCNS(C)(=O)=O)c1ccc(N)c(C)c1,2.832
COc1ccccc1NC(=O)CC(C)=O,2.112
CCN(CCCl)c1ccccc1,2.474
CCN(CCO)c1ccccc1,2.003
CCCCCCc1ccccc1O,2.137
N#CCCN(CCO)c1ccccc1,1.773
CC=Cc1ccc(OC)c(OC)c1,1.853
CCOP(=O)(OCC)Oc1ccc(Cl)cc1Cl,3.4760000000000004
COc1cc(C)ccc1O,2.271
CC(=O)CC(=O)Nc1ccccc1C,2.077
Cc1cc(Cl)ccc1OCC(=O)OCCCCCC(C)C,2.65
COP(=S)(Oc1ccc([N+](=O)[O-])c(C)c1)OC(C)C,4.087
Cc1ccccc1NC(=N)NC(=N)N,2.378
COP(=O)(OC)Sc1ccc(Cl)cc1,3.403
CC(=O)CC(=O)Nc1ccccc1Cl,1.261
CNC(=O)Sc1ccc(OS(C)(=O)=O)cc1,3.3680000000000003
CC(C(O)c1ccccc1)N(C)CCC#N,2.366
CC(C)OC(=O)COc1cc(Cl)c(Cl)cc1Cl,2.779
CN(C)C(=O)CCCOC(=O)C(C)(C)Oc1ccc(Cl)cc1,2.12
CN(CCO)c1ccccc1,1.7280000000000002
CCOC(=O)c1ccc(N)cc1,1.735
CC(C)(C)CCCCCCOC(=O)c1ccccc1C(=O)OCCCCCCC(C)(C)C,0.8440000000000001
CCOC(=O)c1ccc(OC)cc1,1.946
O=Cc1ccc(O)cc1O,2.5380000000000003
O=C(O)c1c(Cl)ccc(Cl)c1O,2.123
CC(C)CCCCCc1ccc(O)cc1,1.982
Cc1ccccc1Cl,1.511
ClP(Cl)Oc1ccccc1,2.457
Oc1ccccc1Cl,3.507
CC(C)c1ccc(C(C)(C)O)cc1,1.198
Nc1ccc(Cl)c(Cl)c1,2.4730000000000003
C#CCOS(=O)OC(CC)COc1ccc(C(C)(C)CC)cc1,2.228
CCCCCCCCCCCCc1ccc(S(=O)(=O)O)cc1,2.701
CCCc1c(O)cccc1O,2.529
CCCCCCCCCCCCc1ccccc1O,2.097
CCC(Cc1c(I)cc(I)c(O)c1I)C(=O)O,2.456
O=C(O)CCC(=O)OCC(NC(=O)C(Cl)Cl)C(O)c1ccc([N+](=O)[O-])cc1,1.707
Nc1ccc([N+](=O)[O-])cc1[N+](=O)[O-],2.8080000000000003
CC(=O)CC(=O)Nc1ccc(C)cc1C,1.835
CC(C)CCCCCCCCCCOC(=O)c1ccccc1C(=O)OCCCCCCCCCCC(C)C,1.229
O=Cc1cc([N+](=O)[O-])ccc1O,2.32
CC(=O)C(Cl)C(=O)OC(C)c1ccccc1,2.437
COc1cc([N+](=O)[O-])ccc1N,2.227
CC(c1ccccc1)N(C)N=O,2.437
COc1cc(OC)cc(OCCO)c1,1.69
CN(N=O)C(C)(C)c1ccccc1,1.929
COc1cc(OC)cc(OCC(O)CO)c1,2.036
CS(=O)(=O)c1ccc(CN(CCO)C(=O)C(Cl)Cl)cc1,1.435
C#CCOP(=O)(OCC(C)C)c1ccccc1,2.624
CC(C)(C)c1ccccc1,1.644
CC(C)CCCCCOC(=O)c1ccccc1C(=O)OCCCCCC(C)C,1.249
O=S(=O)(Cl)c1ccccc1,1.955
CCCCNS(=O)(=O)c1ccccc1,2.017
CCC(C)C(CN(C)C)c1cc(F)ccc1OC,2.927
O=C(Cl)c1ccccc1,1.869
NC(Cc1ccc(O)c(C(=O)O)c1)C(=O)O,1.654
CCOc1ccc(Cl)cc1C(CN(C)C)C(C)CC,2.652
COc1ccc(CC(N)C(=O)O)cc1C(=O)O,1.68
O=[N+]([O-])c1ccccc1,2.547
COP(=O)(OC)OC(=C(Cl)Cl)c1ccc(Cl)cc1Cl,3.526
Nc1c(Cl)cc([N+](=O)[O-])cc1Cl,1.936
CCOP(=O)(OCC)OC(=C(Cl)Cl)c1ccc(Cl)cc1Cl,4.1160000000000005
O=[N+]([O-])c1ccc(Cl)c(Cl)c1,2.3040000000000003
CCC(C)C(CN(C)C)c1ccc(OC)c(Cl)c1,2.774
Nc1cc([N+](=O)[O-])ccc1O,1.808
O=C(C=Cc1ccccc1)NO,1.882
CC(C)c1cccc(C(C)C)c1,1.341
CCOc1ccc(C(CN(C)C)C(C)CC)cc1Cl,2.799
CCOc1ccc(F)cc1C(CN(C)C)C(C)CC,2.917
CCC(C)c1ccc(O)cc1,1.788
CCCOc1ccc(Cl)cc1C(CN(C)C)C(C)CC,2.725
CCCOc1ccc(C(CN(C)C)C(C)CC)cc1Cl,2.604
CCOC(=O)c1ccc([N+](=O)[O-])cc1,1.866
CCCCOc1ccc(C(CN(C)C)C(C)CC)cc1Cl,2.4730000000000003
CCOC(=O)CCCCCCCCC(C)c1ccc(I)cc1,2.297
CN(N=O)c1ccc(N=O)cc1,2.081
CCC(C)N(C(=O)c1ccc(Cl)c(Cl)c1)C(C)CC,2.319
CN(C)c1ccc(N)cc1,3.435
CCOC(=O)C(SP(=O)(OC)OC)c1ccccc1,3.684
O=[N+]([O-])c1ccc(CCl)cc1,1.977
CN(C)C(=O)Nc1cccc(OC(F)(F)C(F)F)c1,2.345
O=C(Cl)c1ccc(C(=O)Cl)cc1,1.91
CSC(C)(C)C=NOC(=O)N(C)SN(C)Cc1ccccc1,4.56
O=C=Nc1ccc([N+](=O)[O-])cc1,2.011
Cc1ccccc1N(CCO)CCO,1.948
CCOc1ccc([N+](=O)[O-])cc1,1.705
CC(C)c1cccc(C(C)C)c1N=C=O,2.158
NC(=S)Nc1ccc(Cl)cc1,4.095
COc1ccc(O)c(C(N)=O)c1,1.944
CCCCOC(NC(=O)c1ccccc1O)C(Cl)(Cl)Cl,1.652
CCCCCCC(C=O)=Cc1ccccc1,1.844
CCC(C)Nc1ccc(NC(C)CC)cc1,3.173
CCNc1cccc(C)c1,2.3680000000000003
O=C=Nc1ccc(Cl)c(Cl)c1,3.315
CC(C)(O)CCc1ccccc1,1.873
CC(=O)OC(C)(C)CCc1ccccc1,1.629
O=C(O)CCC(=O)OCCCCCc1ccc(Cl)cc1,2.422
CCCc1ccc(C=O)cc1,1.967
CCCC(=O)OCc1ccccc1,1.884
CC(C)C(=O)OCCc1ccccc1,1.568
Nc1ccc(F)c(F)c1F,2.323
CC(=O)OCC=Cc1ccccc1,1.7280000000000002
Nc1ccc(F)c(F)c1,2.579
BrCCc1ccccc1,2.358
BrC=Cc1ccccc1,2.166
CC(C)Oc1ccccc1N,2.255
O=C=Nc1ccc(Cl)cc1,3.0460000000000003
CCCCCCCCCc1ccc(O)cc1,2.134
CCNCc1cc([N+](=O)[O-])ccc1O,2.287
O=COCc1ccccc1,1.988
CCCN(CCC)c1c([N+](=O)[O-])cc(C(F)(F)F)c(N)c1[N+](=O)[O-],1.357
CNC(=O)Oc1cc(C)ccc1C(C)C,2.6180000000000003
O=COCCc1ccccc1,1.669
O=COCC=Cc1ccccc1,1.7480000000000002
Cc1ccc(C#N)cc1,1.489
Cc1ccc(C=O)cc1,1.876
C=COP(=O)(OCC)OC(CCl)c1cc(Cl)c(Cl)cc1Cl,2.5540000000000003
COC(=O)c1ccc(N=NN(C)C)cc1,3.6
O=Nc1ccc(N=O)cc1,2.125
O=C(Cl)c1cccc(S(=O)(=O)Cl)c1,2.128
COc1ccc(C=CC(=O)OCCC(C)C)cc1,1.413
CCOP(=S)(OCC)Oc1ccccc1[N+](=O)[O-],4.066
Cc1ccc(S(=O)(=O)N=C=O)cc1,1.946
C=CN(C(C)=O)c1ccccc1,1.816
Oc1ccc(Cl)cc1,2.283
CC(CO)Oc1ccccc1,1.731
Nc1cccc(N)c1,2.587
C#CCOc1ccc(N)cc1C(=O)NCCCC,2.455
CCCCCCCCCCc1ccccc1S(=O)(=O)O,2.109
CCCc1ccc(C)cc1O,2.313
O=C(NO)Nc1ccc(Cl)c(Cl)c1,2.077
COCCOCc1ccccc1,1.861
COC(C=Cc1ccccc1)OC,1.683
N#Cc1ccc([N+](=O)[O-])cc1C#N,2.309
CCc1ccccc1C=CC(O)=S,2.33
Cc1cc(Cl)cc(O)c1O,2.05
NC(=O)c1cc(C(=O)CBr)ccc1O,2.509
CC(C)CCCCCOC(=O)C(C)Oc1cc(Cl)c(Cl)cc1Cl,2.98
CCOC(=O)C(CC)(C(=O)NCCN(CC)CC)c1ccccc1,2.739
O=C(O)CCC(NC(=O)COc1ccc(Cl)cc1Cl)C(=O)O,2.59
CCOC(=O)Oc1ccc(CCNC(=O)C(CCSC)NC(C)=O)cc1OC(=O)OCC,2.372
CCCCOCCOC(=O)c1ccccc1C(=O)OCCOCCCC,1.641
CCCCCCCCOC(=O)c1ccccc1C(=O)OCCCCCCCC,0.92
Nc1ccccc1C(=O)O,1.404
CC(C)c1cc([N+](=O)[O-])cc([N+](=O)[O-])c1O,3.555
Cc1ccc(N)cc1[N+](=O)[O-],1.346
CC(=NO)C(=O)c1ccccc1,1.585
O=Cc1ccccc1C(=O)O,1.301
CC(C)=Cc1ccc(C(C)C(=O)O)cc1,2.198
CCN(CC)c1ccc(C=O)cc1,1.442
CC(C)COC(=O)c1ccccc1,1.503
CN(Cc1ccc(Cl)cc1Cl)S(N)(=O)=O,2.059
OCCOc1ccc(Cl)cc1Cl,2.167
CCC(C)(C)c1ccc(O)c(C(C)(C)CC)c1,2.8510000000000004
COP(=S)(OC)Oc1ccc(C#N)cc1C,2.7110000000000003
Nc1ccc(S(=O)(=O)O)cc1,1.149
NC(=O)c1cc([N+](=O)[O-])cc([N+](=O)[O-])c1,2.228
COP(=O)(OC)OC(c1ccc(Cl)cc1)P(=O)(OC)OC,2.05
Nc1ccc([N+](=O)[O-])cc1Cl,1.429
O=C(Cl)c1ccc([N+](=O)[O-])cc1,1.52
COc1ccc(CC(=S)N(C)C)cc1,3.978
CC(=O)C=Cc1ccccc1,1.857
Nc1ccc([N+](=O)[O-])c(N)c1,1.5319999999999998
CCC(=O)OCc1ccccc1,1.6969999999999998
CCC(=O)OCCc1ccccc1,1.649
CC(=O)OCCCc1ccccc1,1.579
Clc1ccc(C(Cl)(Cl)Cl)cc1,2.448
CC(=O)Nc1ccc(N)cc1,1.779
CCOc1ccc(NC(=O)CC(C)=O)cc1,3.099
CCOP(=O)(OCC)OC(=CBr)c1ccc(Cl)cc1Cl,4.276
COP(=O)(SC)c1ccccc1,3.563
O=Cc1ccc(O)cc1,1.735
CN(C)C(=O)Nc1ccc(SC(F)(F)Cl)c(Cl)c1,2.972
CCCCCCCc1ccccc1O,1.845
NCCOC(=O)c1ccccc1,1.251
NC(=S)Nc1ccccc1Cl,4.6080000000000005
CCOP(=S)(OCC)Oc1ccc(C#N)cc1,4.433
CCOP(=S)(NC(C)C)Oc1ccc(C)cc1[N+](=O)[O-],2.6460000000000004
Nc1c([N+](=O)[O-])cc(Cl)cc1[N+](=O)[O-],2.736
CCOC(=O)C(C)Nc1ccc(Cl)c(Cl)c1,2.117
CCCCN(CCCC)S(=O)(=O)c1ccc(Cl)cc1,2.784
CCOCN(C(=O)CCl)c1c(C)cccc1OC(C)C,2.045
CCCOc1cccc(C)c1N(COCC)C(=O)CCl,2.062
COc1ccc(NC(=O)CC(C)=O)cc1,2.086
O=CC(Br)=Cc1ccccc1,2.1630000000000003
COc1c(C)ccc(C)c1N(COC(C)C)C(=O)CCl,2.239
Cc1cccc(OCCC(C)C)c1N(C)C(=O)CCl,1.934
Cc1cccc(OC(C)C)c1N(C)C(=O)CCl,2.43
CCNC(=O)Cc1ccccc1,2.334
CCOCN(C(=O)CCl)c1c(C)cccc1CC,2.548
CCCC(=O)N(C)C(=O)Oc1cc(C)cc(C(C)C)c1,2.357
CN(C)C=Nc1c(I)cc(I)c(CCC(=O)O)c1I,2.764
C=CC(=O)Nc1ccc(O)cc1,2.244
CSC(C)=NOC(=O)N(C)SN(C)C(=O)Oc1ccc(OC(=O)N(C)SN(C)C(=O)ON=C(C)SC)cc1,3.128
Cc1cccc(C#N)c1C,1.641
CCCCc1ccc(C)cc1O,2.174
O=C(O)CC(NC(=O)COc1ccc(Cl)cc1Cl)C(=O)O,2.527
CCCOc1ccc(C=O)cc1,1.995
CCCCCc1ccccc1O,2.37
CCP(=S)(CC)Oc1cc(Cl)c(Cl)cc1Cl,3.502
CC(C)N(Cc1ccccc1)C(=O)C(C)(C)C,1.59
CCC(C)C(CN(C)C)c1ccc(Cl)cc1Cl,2.685
CCC(C)CC(CC)Nc1ccc(NC(CC)CC(C)CC)cc1,2.142
Cc1cc(OCCO)cc(C)c1Cl,1.723
CC(C)CC(=O)OCCc1ccccc1,1.521
COP(=S)(OC)Oc1ccc(Cl)c([N+](=O)[O-])c1,2.775
CC(C)CC(=O)OCC=Cc1ccccc1,1.64
N#CCc1ccc(Cl)cc1,3.482
CC(C)(C)CC(C)(C)c1ccc(O)cc1,1.652
NC(=S)N=NNc1ccc(Cl)c(Cl)c1,5.396
Cc1c(N)cc([N+](=O)[O-])cc1[N+](=O)[O-],2.151
C=CCc1ccc(OC)cc1,2.081
OCCSSc1c(Cl)c(Cl)c(Cl)c(Cl)c1Cl,2.0980000000000003
O=CNC(Cc1ccc(N(CCCl)CCCl)cc1)C(=O)O,2.678
COC(=O)c1ccccc1N=NN(C)C,4.203
COC(=O)c1cccc(N=NN(C)C)c1,3.5380000000000003
CCCCOCCCOC(=O)CCOc1cc(Cl)c(Cl)cc1Cl,2.885
CCN(CCC#N)c1cccc(C)c1,1.705
CCOC(=O)C=Cc1ccc(Cl)cc1,2.343
NC(Cc1ccc(N(CCCl)CCCl)cc1)C(=O)O,4.435
CCN(CCC#N)c1ccccc1,1.556
CCOc1ccc(NC(N)=O)cc1,1.751
CC(=O)OC(C)(C)Cc1ccccc1,1.765
CN(C)N=Nc1cccc(C(N)=O)c1,3.551
CCOC(OCC)C(=O)c1ccccc1,1.551
OCCOCCOCCOCCOc1ccccc1,2.332
CC(=O)OCCOc1ccccc1,1.52
CCCOc1c(Cl)c(Cl)c(Cl)c(Cl)c1Cl,2.8560000000000003
CNC(=O)N(O)c1ccccc1,1.689
O=C(O)CSc1cc(Cl)ccc1Cl,2.096
O=C(OCCCl)c1ccccc1C(=O)OCCCl,2.6010000000000004
C=CCc1ccccc1,1.329
Nc1cc([N+](=O)[O-])ccc1Cl,1.933
FC(F)(F)c1cc(Cl)ccc1Cl,1.662
COCCc1ccc(OCC(O)CNC(C)C)cc1,1.887
FC(F)(F)c1ccc(Cl)cc1Cl,2.0
O=C(CCl)c1ccc(O)cc1,2.87
COC(=O)c1cc([N+](=O)[O-])ccc1Cl,1.604
CC(=O)Oc1cc(C(F)(F)F)ccc1C(=O)O,2.79
COc1ccc(N)cc1OC,2.352
CCOC(=O)C(SP(=O)(OC)SC)c1ccccc1,3.108
COP(=S)(OC)C(C(=O)O)c1ccccc1,1.7619999999999998
O=[N+]([O-])c1cc([N+](=O)[O-])c(F)cc1F,3.611
FC(F)(F)c1ccc(Cl)c(Cl)c1,1.871
O=C(CF)Nc1ccccc1,4.185
COc1ccc(NC(=O)CF)cc1,4.263
FC(F)C(F)(F)Oc1ccccc1,1.589
O=C(CF)Nc1ccc(Br)cc1,3.903
Fc1cc(F)c(F)c(F)c1F,1.924
COP(=S)(OC)Oc1ccc([N+](=O)[O-])c(C(F)(F)F)c1,3.122
Nc1ccc(F)c([N+](=O)[O-])c1,2.152
Nc1ccc(F)cc1F,2.197
CC(=O)NNc1ccc(N)cc1,4.218
Nc1cc(N)cc(C(F)(F)F)c1,2.6660000000000004
CCOC(=O)CCN(Cc1ccccc1)SN(C)C(=O)ON=C(C)SC,3.083
Nc1cc(Cl)c([N+](=O)[O-])cc1Cl,1.866
Cc1ccc(NC(=O)CF)cc1,4.378
NC(=S)NC(=S)Nc1ccccc1,2.927
O=C(CF)Nc1ccc(F)cc1,4.932
CCCCOC(=O)CCCOc1ccc(Cl)cc1Cl,3.007
OCc1c(F)c(F)c(F)c(F)c1F,2.343
O=[N+]([O-])c1ccc(F)cc1F,2.901
CCCC(=O)N(CSP(=S)(OC)OC)c1ccccc1Cl,3.975
FC(F)=C(F)c1ccccc1,1.801
CCOP(=S)(OCC)Oc1ccc(N=C=S)cc1,3.082
CCOP(=S)(OCC)Oc1ccc(Cl)c([N+](=O)[O-])c1,3.513
Fc1ccc(Br)cc1,1.812
CCOP(=S)(OCC)Oc1cc([N+](=O)[O-])c(Cl)cc1Cl,3.556
CNC(=O)Oc1ccccc1C(OC)OC,3.149
C=CC(=O)OCCOC(=O)c1ccc(C(=O)O)cc1C(=O)O,1.985
CCCCC(=O)c1ccc(N)cc1,3.324
CCCCCC(=O)c1ccc(N)cc1,2.947
OC(CCl)CNc1ccccc1NCC(O)CCl,2.513
C=C(OP(=O)(OCC)OCC)c1ccc(Cl)cc1Cl,2.327
CC(=O)Nc1cc(Cl)c([N+](=O)[O-])cc1Cl,1.945
C=CC(C)(CCC=C(C)C)OC(=O)c1ccccc1N,1.808
CCc1cccc(CC)c1N(CC(=O)O)C(=O)CCl,2.091
CC(C)Oc1ccccc1[N+](=O)[O-],1.86
CC(N)C(O)c1ccccc1,1.993
CN(C)N=Nc1ccc(C(=O)O)cc1,2.781
O=C(O)CCCNS(=O)(=O)c1cccc(C(F)(F)F)c1,1.379
O=C(CCl)CC(=O)Nc1ccccc1,2.064
Cc1c(O)cc([N+](=O)[O-])cc1[N+](=O)[O-],3.899
COc1ccccc1S,1.906
CC(=O)OCC(COc1ccccc1)OC(C)=O,1.682
O=C(Cl)OCc1ccccc1,1.755
CCCOP(=O)(OCCC)Oc1ccc(SC)cc1,3.698
O=C(CCCl)NCc1ccccc1,1.791
COc1ccc(CCl)cc1OC,1.599
CCCCCCc1ccc(C)cc1O,1.922
C=CCNC(=S)Nc1ccccc1,2.4090000000000003
CC=CCOCN(C(=O)CCl)c1c(CC)cccc1CC,2.279
COCCOC(=O)C(=Cc1cccc([N+](=O)[O-])c1)C(C)=O,1.768
C=C(C)CNc1ccc(C(C)C(=O)O)cc1,2.6010000000000004
CC(C)C(NC(=O)COc1ccc(Cl)cc1Cl)C(=O)O,2.63
CC(C)(O)C(=O)c1ccccc1,1.986
CCc1cccc(CC)c1N(CNC(C)=O)C(=O)CCl,1.981
CCCC(=O)C(CC)Cc1ccccc1,1.6669999999999998
C=CCOC(=O)COc1ccccc1,2.565
CC(=O)c1ccc(O)c(C(N)=O)c1,2.023
Cc1ccccc1C(C)C,1.7990000000000002
Cc1ccccc1C#N,1.564
CCOP(=S)(OCC)Oc1cc(Cl)c(I)cc1Cl,3.498
CC(=O)CC(=O)OC(C)c1ccccc1,1.578
CCC(=O)OCc1ccc(OC)cc1,1.766
Cc1cccc(C(C)C)c1,1.655
CCCSP(=O)(OCC)Oc1ccccc1,2.946
COc1cc(C=CC(=S)N(C)C)cc(OC)c1OC,3.701
CNN=Nc1ccc(Br)cc1,2.662
COc1ccc(C=CC(=O)O)cc1O,1.391
CNN=Nc1ccc(I)cc1,2.719
CN=NNc1ccc([N+](=O)[O-])cc1,2.5860000000000003
CNN=Nc1ccc(Cl)cc1,2.713
CCN(CC(=O)OCC(F)(F)F)c1cccc(C)c1,2.161
COc1ccc(OC)c(C(O)C(C)NC(C)C)c1,2.103
CCCCC(CC)CNc1ccccc1,1.93
Nc1ccc(Cl)cc1Cl,2.005
CC(=O)Nc1cccc(NC(C)=O)c1,1.254
CCC(CC)C(=O)NC(=Cc1ccc(OC)cc1)C(=O)O,1.862
CC(C)(O)C(=O)OCCc1ccccc1,1.76
CCOC(=O)CCCOc1ccc(Cl)cc1C,2.257
CC(=O)c1ccc(OCC(=O)NN)cc1,2.0580000000000003
CCCCC(O)c1ccccc1,1.481
C=C(OP(=O)(OC)OC)c1ccc(Cl)cc1Cl,2.102
COP(=O)(OC)OC(=C(Br)Br)c1ccc(Cl)cc1Cl,3.403
CC(C)(C)c1cc(C=C(C#N)C#N)cc(C(C)(C)C)c1O,3.511
CCOP(=O)(OCC)OC(=C(Br)Br)c1ccc(Cl)cc1Cl,3.791
Cc1ccc(CO)cc1,1.496
CC(O)c1cc(N)cc(C(F)(F)F)c1,2.3680000000000003
Clc1ccc(C(Cl)(Cl)Cl)c(Cl)c1,1.923
COC(=O)c1ccccc1OC,1.641
Cc1c(O)cccc1O,2.793
NC(=O)c1ccccc1Cl,2.095
ClCc1ccccc1CCl,1.888
Cc1ccccc1NC(=S)NN,2.957
Cc1ccccc1N=C=O,1.92
CS(=O)(=O)c1ccc(N)c(Cl)c1,1.335
Oc1ccc(Br)cc1Br,3.702
COP(=S)(OC)Oc1cc(Cl)c([N+](=O)[O-])c(Cl)c1,2.6460000000000004
Cc1cc([N+](=O)[O-])ccc1[N+](=O)[O-],2.547
COC(=O)c1cc(C(=O)OC)cc([N+](=O)[O-])c1,1.379
N#Cc1ccc([N+](=O)[O-])cc1,3.693
CC(C)C(=O)Nc1ccc([N+](=O)[O-])c(C(F)(F)F)c1,2.545
CC(NC(=O)COc1ccc(Cl)cc1Cl)C(=O)O,2.562
Cc1cccc(C#N)c1,1.592
CC(COc1ccc(Cl)cc1Cl)C(=O)O,2.4930000000000003
Cc1ccc(N=C=O)cc1,1.92
CCc1ccc(C)cc1,1.394
C=Cc1ccc(C)cc1,1.719
O=C(O)CNC(=O)c1ccc(Cl)cc1,1.981
COP(=O)(Oc1ccc([N+](=O)[O-])c(Cl)c1)SC,3.474
Cc1cccc(I)c1,1.978
N#Cc1cccc(C#N)c1,2.173
CCCOCCN(C(=O)CCl)c1c(CC)cccc1CC,2.152
CN(C)C(=N)Nc1cccc(Cl)c1,2.597
CON=C(C)C(=NOC(=O)N(C)Sc1ccc(C(C)(C)C)cc1)C(=O)N(C)C,4.134
Cc1ccc(C)c(C#N)c1,1.641
Cc1cc(Cl)ccc1OC(C)C(=O)N(C)C,2.48
CCCOCN(C(=O)CCl)c1c(C)cccc1OCC,2.155
Nc1ccc(Cl)c([N+](=O)[O-])c1,2.635
CC(=O)OC(C(=O)NC(N)=O)c1ccccc1,2.051
CCCCOc1c(Cl)c(Cl)c(Cl)c(Cl)c1Cl,2.73
ClP(Cl)c1ccccc1,2.952
CCOC(=S)c1ccc(Cl)cc1,2.305
O=NN(CCCl)C(=O)NCCS(=O)(=O)NCc1ccccc1,3.145
CNC(=O)Oc1ccccc1OC(CCl)OC,3.865
NCCNCCNCc1ccccc1O,1.959
CCCN(CCC)c1c([N+](=O)[O-])cc(S(=O)(=O)N=S(C)C)cc1[N+](=O)[O-],2.3080000000000003
CC(C)COC(=O)CCCOc1ccc(Cl)cc1Cl,3.007
Cc1cc(O)c(C)c(C)c1O,1.6769999999999998
O=P(O)(O)Oc1ccccc1,1.881
N#Cc1cccc([N+](=O)[O-])c1C#N,2.088
CCCCN(CCCC)C(=O)SCc1ccccc1,1.6980000000000002
CN(C)CCNC(=O)C(C)(C)Oc1ccc(Cl)cc1,3.341
CC(=NO)C(C)(O)C#Cc1ccccc1,1.813
CCOP(=O)(OCC)Oc1ccc(S(C)(=O)=O)c(C)c1,4.598
CC(C)(OO)c1cccc(C(C)(C)OO)c1,2.1790000000000003
Cc1cc(O)ccc1S(C)=O,1.6869999999999998
CCCNC(=O)C(C)Nc1ccc(OCC)cc1,1.921
CCC(C)(C)c1ccc(OCCCCN)c(C(C)(C)CC)c1,2.582
CCCCCCCCCCCCCCCCCC(O)c1ccc(C(=O)O)c(Cl)c1,1.929
CC(C)(C)c1cc(C(C)(C)C)c(O)c(C(C)(C)C)c1,2.196
CC(C)CNC(=O)NS(=O)(=O)c1ccc(Cl)cc1,2.422
CCN(CC)CCNC(=O)C(C)(C)Oc1ccc(Cl)cc1,3.018
CNC(=O)Oc1ccc(NC(C)=O)cc1,2.419
Cc1cc(O)ccc1S(C)(=O)=O,1.425
COC(=O)c1c(Cl)c(Cl)c(C(=O)N(C)OC)c(Cl)c1Cl,2.489
CCOC(=O)C(CC)(C(=O)OCCN(CC)CC)c1ccccc1,1.957
CCOC(=O)C(CC)(CC(=O)OCCN(CC)CC)c1ccccc1,3.339
CC(C)Nc1ccccc1,2.383
CCOP(=O)(OCC)N(C)c1ccccc1,3.773
CC(O)COc1ccccc1,1.731
CCCCOC(=O)COC(=O)COc1ccc(Cl)cc1Cl,2.777
CCC(C)(O)Cc1ccccc1,1.6130000000000002
CCO[Si](OCC)(OCC)c1ccccc1,1.931
CCCN(CCC)C(=O)SCc1ccccc1,2.14
COP(=O)(OC)OC(=C(Cl)Br)c1ccc(Cl)cc1Cl,3.584
CC(C)(C(N)=O)c1ccccc1,1.995
CS(=O)(=O)c1ccc(O)cc1,1.736
CC(CN(C)C)C(C)(O)Cc1ccc(Cl)cc1,2.504
CC(=Cc1ccccc1)CNN=C(C)C(=O)O,2.533
CC(C)c1cccc(C(C)(C)O)c1,1.473
CCCC(C)CCOC(=O)c1ccccc1C(=O)OCCC(C)CCC,1.009
CCS(=O)Cc1ccccc1OC(=O)NC,3.2060000000000004
CCS(=O)(=O)Cc1ccccc1OC(=O)NC,2.7060000000000004
N#Cc1ccc(N)cc1,2.6210000000000004
ClC(Cl)(Cl)c1cccc(C(Cl)(Cl)Cl)c1,2.029
CCOP(=O)(OCC)Oc1ccc(N)cc1,2.39
C=CCc1ccc(OC(=O)NC)c(OC)c1,2.947
CC=Cc1ccc(OC(=O)NC)c(OC)c1,2.6460000000000004
COP(=S)(OC)Oc1cc(C)ccc1C(C)C,2.563
C=CCc1ccc(OP(=S)(OC)OC)c(OC)c1,3.062
CC(=O)Nc1cc(NS(=O)(=O)C(F)(F)F)c(C)cc1C,1.89
CC=Cc1ccc(OP(=S)(OC)OC)c(OC)c1,3.062
COP(=S)(OC)Oc1cc(C(C)C)ccc1C,2.563
NCCNCc1ccccc1O,1.652
CCC(C)NCC(O)c1ccc(N)cc1,2.506
N#Cc1ccc(Cl)c([N+](=O)[O-])c1,1.95
Cl[Si](Cl)(Cl)CCc1ccccc1,1.928
CCCCCCCCc1ccccc1O,1.867
CC(Cl)=CC(=O)Nc1ccc(O)cc1,2.127
CC(C)=CC(=O)Nc1ccc(O)cc1,1.992
CCCCOC(=O)Oc1ccc([N+](=O)[O-])cc1[N+](=O)[O-],3.0210000000000004
N#CC=CS(=O)(=O)c1ccc(Cl)cc1,2.174
CCOc1ccc(N(N=O)C(C)=O)cc1,3.996
O=C=NCc1ccc(CN=C=O)cc1,1.621
CCCCCCCCNC(C)C(O)c1ccc(SC(C)C)cc1,2.2880000000000003
CNN=Nc1ccccc1,2.508
CC(=O)N(CC(C)C(=O)O)c1c(I)cc(I)c(N)c1I,1.937
N#CCCNc1ccccc1,1.493
CCOc1ccc(NC(=O)CC(C)O)cc1,1.504
CCC(=O)c1ccc(OCC(O)CO)c(OC)c1,2.191
N#Cc1cc([N+](=O)[O-])ccc1Cl,1.756
NC(=O)c1ccc(Cl)c([N+](=O)[O-])c1,1.892
Oc1ccccc1S,2.8510000000000004
N#CSc1ccc(C(=O)O)cc1,3.334
CC(CO)c1ccccc1,1.7719999999999998
CC(C)(O)C(=O)c1ccc(OCCO)cc1,1.74
CCCCCCOc1ccc(NNC=O)cc1,2.518
CNC(=O)ON=C(SC)c1ccc(Cl)cc1,2.587
CCCCCCCCCCCCOC(=O)c1cc(O)c(O)c(O)c1,1.831
CCN(CC)CCOCc1cc(Br)ccc1OC,3.158
ClCc1c(Cl)cc(Cl)cc1Cl,1.874
CCCCCOc1c(Br)cc(Br)cc1COCCN(CC)CC,3.11
CNC(C)Cc1ccc(Cl)cc1,3.2230000000000003
CCCCCOc1ccc(Br)cc1COCCN(CC)CC,3.0660000000000003
CC(C)CCCCCOC(=O)CCCOc1ccc(Cl)cc1Cl,2.859
N#Cc1cc([N+](=O)[O-])ccc1N,1.6230000000000002
Cc1cccc(C)c1N(COC(C)C)C(=O)CCl,2.442
O=[N+]([O-])c1ccc(O)c(CNCCCl)c1,3.965
COc1ccc([N+](=O)[O-])cc1CNCCCl,3.941
CCOc1ccc([N+](=O)[O-])cc1CNCCCl,4.015
CNC(=O)Oc1c(C(C)C)ccc(C)c1Cl,2.985
O=S(=O)(O)c1ccccc1O,1.962
Nc1c(Cl)cc(C(=O)O)cc1Cl,1.649
CC(C)(C)c1cc(C(=O)O)cc(C(C)(C)C)c1O,2.248
COP(=S)(OC)Oc1c(Cl)cc(C)cc1Cl,1.78
Cc1ccc(S(=O)(=O)C=CC#N)cc1,2.158
N#CC(Cl)CS(=O)(=O)c1ccccc1,2.629
CCN(CC)c1ccc(C=O)c(O)c1,1.932
Cc1cc(O)c(C(C)(C)C)cc1C,2.238
CCC(=O)Nc1cccc(OC(=O)NC)c1,2.347
CCCCCCOC(=O)Oc1ccccc1C(=O)O,1.888
CC(C)c1cccc(OC(=O)N(C)C(=O)CCl)c1,2.984
CC(=O)Oc1ccc(Br)cc1C(=O)O,2.36
NC(=O)c1c(F)cccc1F,1.6780000000000002
CC(C)(C)c1ccc(CCC=O)cc1,1.848
CCOC(=S)C=Cc1ccc(Cl)cc1,2.378
CCOC(=S)C=Cc1ccc(OC)cc1,2.378
CCOC(=S)C=Cc1ccc(OC)c(OC)c1,2.411
CCCOc1cc(C=CC(=S)OCC)ccc1OC,2.461
CCOC(=S)C=Cc1cc(OC)c(OC)c(OC)c1,2.449
CCOC(=S)C=Cc1ccc([N+](=O)[O-])cc1,2.388
CCOC(=S)C=Cc1ccc(N(C)C)cc1,3.293
COP(=S)(OC)Oc1cc(C)c(Cl)cc1C(C)C,2.7910000000000004
CCCOc1ccc(C=CC(=O)OCC)cc1OC,2.432
CCCOc1ccc(C(O)=S)c(CC)c1OC,2.42
CCN(CCO)c1ccc(N=O)c(C)c1,2.792
CCCOc1ccc(C=CC(=S)OCC)cc1OC,2.443
CC(C)Cc1ccc(CC(=O)O)cc1,1.922
CC(=Cc1ccccc1)CC(=O)NCCO,2.2030000000000003
CCC(C)(O)c1ccccc1,2.031
CC(=O)Nc1ccc(CC(=O)O)cc1,1.116
CC(=Cc1ccccc1)CC(=O)N(CCO)CCO,2.244
O=P(O)(O)c1ccccc1,1.898
CCc1c(Cl)ccc(O)c1Cl,1.926
CCN(CC)C(=O)CC(C)=Cc1ccccc1,2.003
Cc1ccc(S(=O)(=O)NN)cc1,2.818
CCCN(CCC)c1c([N+](=O)[O-])cc(C(F)(F)F)cc1[N+](=O)[O-],2.24
CCNC(=O)C=Cc1cccc(Br)c1,1.758
COC(=O)C(C)N(OC)c1c(C)cccc1C,2.622
CCCCc1ccc(O)cc1O,2.522
CCCCCCCc1ccc(O)cc1O,2.205
NCCNc1ccc(N)cc1,2.901
CC(=O)CNC(C)(C)Cc1ccccc1,2.96
C=C(C)C(=O)Nc1ccc(O)cc1,2.2030000000000003
CC(=O)OCCN(CCOC(C)=O)c1ccccc1,2.091
CCCC(=O)c1ccc(N)cc1,3.2880000000000003
COc1cc(C=CC(N)=O)ccc1O,1.587
CCN(CC)C(=O)c1cccc(OC)c1O,2.031
CCN(CC)C(=O)c1ccc(OC)cc1O,2.05
CC(=O)OCc1ccc(C(C)C)cc1,2.123
Cc1cccc(C(=O)Cl)c1,1.653
Oc1c(I)cc(I)c(O)c1I,1.774
CC(C)COC(=O)COc1ccc(Cl)cc1Cl,2.966
Cc1c([N+](=O)[O-])cc(N)cc1[N+](=O)[O-],2.313
CCCCN(N=O)c1ccc(N(CCCC)N=O)cc1,2.03
CCSCCOc1ccc([N+](=O)[O-])cc1,2.44
N#CCC(=O)c1ccc(N)cc1,1.85
COc1ccc(SC#N)c([N+](=O)[O-])c1,1.774
Nc1cc(Cl)c(N)cc1Cl,2.005
CC(=O)CC(=O)Nc1ccc(Cl)cc1C,1.809
C=C(Cl)C(=O)Nc1ccc(OC)cc1,3.412
CCO[Si](C)(C)c1ccccc1,1.865
CCOc1ccccc1C(=O)NN=C(C)C(=O)O,2.693
CCOP(=O)(OCC)Oc1ccc([N+](=O)[O-])c(Cl)c1,4.792
C=CCOC(=O)C=Cc1ccccc1,2.093
COC(=O)Nc1ccc(S(=O)(=O)NN)cc1,2.846
O=C(Cl)Oc1ccccc1,1.949
COC(OC)c1ccccc1[N+](=O)[O-],1.761
CCN(Cc1ccccc1)N=O,2.817
CC(=O)C(C)=Cc1ccccc1,1.592
CCOCN(C(=O)CO)c1c(C)cccc1CC,2.02
CCCCOCCCOC(=O)COc1ccc(Cl)cc1Cl,2.826
O=CNC(Nc1ccc(Cl)c(Cl)c1)C(Cl)(Cl)Cl,2.129
CCCCC(CC)COC(=O)COc1cc(Cl)c(Cl)cc1Cl,2.867
CN=NNc1ccc(C)cc1,2.593
Oc1cc(Cl)c(Br)cc1Cl,2.253
CC(C)(C)c1cc(O)ccc1O,2.376
C#CC(C)N(C(=O)CCl)c1ccccc1,2.278
OCNC(=S)c1c(Cl)cccc1Cl,2.072
CCCCOC(CBr)c1ccccc1,3.012
CCC(C)OC(CBr)c1ccccc1,3.012
NC(=O)COc1ccc(Cl)cc1Cl,2.263
CCCCC(CC)COC(CBr)c1ccccc1,3.0980000000000003
CCC(C)OC(CBr)c1cccc(Cl)c1,3.067
CCCCC(CC)COC(CBr)c1cccc(Cl)c1,3.143
CCCCC(CC)COC(CBr)c1ccc(Cl)c(Cl)c1,3.184
CCCCCOC(CBr)c1ccc(C(C)C)cc1,3.0980000000000003
C#CC(C)(O)C(O)c1ccccc1,2.383
CCCCCCCCCCCCOC(CBr)c1ccc(C(C)C)cc1,3.216
CCCCCCCCOC(CBr)c1ccc(C(C)(C)C)cc1,3.17
C=Cc1ccccc1Cl,1.527
CCCCCCc1ccc(C(CBr)OCC(CC)CCCC)cc1,3.201
CCCCOC(=O)c1ccccc1O,2.0580000000000003
CCCCCCCCc1ccc(C(CBr)OCCCC)cc1,3.17
CC(C)c1cccc(C(C)C)c1O,2.552
C=C(C)c1cccc(C(C)(C)N=C=O)c1,1.812
OCCOc1cc(Cl)c(Cl)cc1Cl,2.207
Cc1c(Cl)cccc1CC(Cl)C#N,2.331
CCC(C)OC(CBr)c1ccc(Cl)cc1,3.067
CCN(CC)S(=O)(=O)c1ccc(OP(=S)(OC)OC)cc1Cl,3.89
CCOP(=O)(OCC)OC(=C(Cl)Br)c1ccc(Cl)cc1Cl,4.356
CCC(C)c1ccccc1OC(N)=O,2.673
COc1ccc([N+](=O)[O-])cc1CNCCBr,4.16
CC(O)CNC(C)(C)Cc1ccccc1,2.773
CCOc1ccc([N+](=O)[O-])cc1CNCCBr,4.084
O=[N+]([O-])c1ccc(O)c(CNCCO)c1,3.965
COc1ccc([N+](=O)[O-])cc1CNCCO,3.877
CCOc1ccc([N+](=O)[O-])cc1CNCCO,3.983
CCN(CCC(=O)OC)c1ccccc1,1.927
CC(=O)OCc1ccc(C)cc1,1.516
CC(=O)OC(c1ccc(Cl)c(Cl)c1)C(Cl)(Cl)Cl,1.527
CN=CNc1ccc(Cl)cc1C,2.84
Cc1cc(Cl)ccc1NC=O,2.478
COP(=S)(OC)Oc1ccc(C#N)c(C)c1,2.41
CCN(CC)CCCNC(=O)C(C)(C)Oc1ccc(Cl)cc1,3.338
Cc1cc(S(=O)(=O)O)cc(C)c1O,1.883
O=C=Nc1ccccc1C(F)(F)F,1.4269999999999998
Nc1ccc(OC(F)(F)C(F)F)c(N)c1,2.321
CC(=O)OCCN(CCC#N)c1ccccc1,2.05
CCC(=O)c1c(O)cc(O)cc1O,1.884
BrC(Br)Br,2.343
C=CBr,2.33
BrCBr,3.207
O=P(OCC(Br)CBr)(OCC(Br)CBr)OCC(Br)CBr,2.839
BrCC=CCBr,3.455
BrCCBr,3.24
C#CCCCC#C,1.6030000000000002
C#CCOCC#C,2.242
C[Si](C)(C)OP(=O)(O[Si](C)(C)C)O[Si](C)(C)C,1.961
C[Si](Cl)(Cl)CCCC#N,1.809
C=CC#N,2.833
C=CC(=O)NCNC(=O)C=C,2.597
C=CC(=O)OCCC#N,2.842
C=CC(=O)OCCOC(=O)C=C,2.754
C=CC(=O)OCCOCCC#N,2.1790000000000003
C=CC(=O)OCCOCCOC(=O)C=C,2.729
C=CC=C,0.994
C=CC=CC=C,2.582
C=CC=O,3.0860000000000003
C=CCC#N,2.766
C=CCCC=O,2.132
C=CCN(CC=C)CC=C,2.125
C=CCN(CC=C)N=O,2.198
C=CCN=C=S,2.947
C=CCNCC=C,2.226
C=CCOC(=O)C=CC(=O)OCC=C,2.8160000000000003
C=CCOC(OCC=C)C(OCC=C)OCC=C,2.256
C=CCOC=C,2.185
C=CCOC=O,2.842
C=CCOCC=C,2.487
C=CCOCCC#N,1.932
C=COC=O,1.4069999999999998
C=COCCOCCOC=C,1.6269999999999998
C=CS(=O)(=O)C=C,3.567
C=O,1.574
CBr,2.647
CC#N,1.177
C=C(C)C#N,2.747
C=CCOC(=O)C(=C)C,2.467
C=C(C)C(=O)OCCCl,2.8710000000000004
C=C(C)C(C)=O,2.67
C=C(C)C(OC(C)=O)OC(C)=O,2.593
C=C(C)CC#N,2.177
C=C(C)OC(C)=O,1.523
CC(=CC(=O)O)C(=O)O,1.994
CC(=O)C(C)(C)C,2.215
CC(=O)C(C)=O,1.736
C=CC(C)=O,3.369
CC(=O)C=O,1.791
C=CC(=O)NC(C)(C)CC(C)=O,1.927
CC(=O)CC(C)(C)O,1.463
CC(=O)CC(C)=O,3.26
CC(=O)CCC(C)=O,1.74
CC(=O)CCC(=O)O,1.798
CC(=O)CCl,2.966
CC(=O)CO,1.527
CC(=O)NC(=O)C(Cl)(Cl)Cl,1.819
CC(=O)NC(CS)C(=O)O,1.509
CC(=O)NC(N)=S,3.373
CC(=O)O[Si](C)(OC(C)=O)OC(C)=O,2.029
C=C(C#N)OC(C)=O,3.0460000000000003
C=CC(=C)CCCC(C)(C)OC(C)=O,1.494
CC(=O)OC(C)=O,1.759
C=C(Cl)C(OC(C)=O)OC(C)=O,2.779
CC(=O)OC(OC(C)=O)C(Cl)CCl,2.855
C=CC(OC(C)=O)OC(C)=O,3.655
C=COC(C)=O,1.47
C=CC=COC(C)=O,2.198
CC(=O)OCC#N,3.491
CC(=O)OCC(COC(C)=O)OC(C)=O,1.862
C=CCOC(C)=O,2.887
CC(=O)OCC=C(C)C,1.631
C=CCOC=CCOC(C)=O,1.622
CC(=O)OCCN(CCOC(C)=O)N=O,1.64
CC(=O)OCCO,1.101
CC(=O)OCCOC(C)=O,1.329
CC(=O)OCCOCCOCCOC(C)=O,1.016
CC(=O)OCCS(=O)(=O)CCOC(C)=O,1.231
CC(=O)OCCSCCOC(C)=O,1.401
CC(=O)OO,1.694
CC(Br)(CCl)CBr,2.506
CC(Br)CBr,2.276
CC(C)(C#N)C(C)(C)C#N,3.544
CC(C)(C)C(=O)O,2.055
CC(C)(C)N,2.972
CC(C)(C)O,1.3259999999999998
CC(C)(C)S,1.28
CC(C)(CO)C(O)C#N,2.62
C=CC(=O)OCC(C)(C)COC(=O)C=C,1.499
CC(C)(COC(N)=O)COC(N)=O,1.88
C#CC(C)(C)O,1.635
C=CC#CC(C)(C)O,2.264
C=CC(=C)CCCC(C)(C)O,1.464
CC(C)(S)C(N)C(=O)O,1.384
CC(=O)C=C(C)C,1.943
CC(C)=CC(=O)O,1.449
C=CC(C)(O)CCC=C(C)C,1.743
CC(C)=CCCC(C)=CC=O,1.487
CC(C)=CCCC(C)=CCCC(C)=CCO,1.569
CC(C)=CCCC(C)=CCO,1.535
CC(C)=CCO,2.027
CC(C)=O,1.001
CC(C)C#N,3.141
CC(C)C(Br)C(=O)NC(N)=O,2.3480000000000003
CC(C)C(Br)C(=O)OCC(Br)(Br)Br,1.95
CC(C)C(Br)C(=O)OCC(Cl)(Cl)Cl,2.319
CC(C)C(Br)C(=O)O,2.372
CC(=O)C(C)C,2.765
CC(C)C(=O)O,2.498
CC(C)CC(=O)CC(C)C,1.393
C=CCOC(=O)CC(C)C,2.7910000000000004
CC(=O)CC(C)C,1.683
CC(C)CC(C)CC(CC(C)C)OCCO,1.633
CC(C)CC(C)CC(O)CC(C)C,1.04
C=COCC(C)CCCC(C)CC(C)C,2.241
CC(C)CC(C)O,1.596
CC(C)CC(C)OC(=O)C=CC(=O)OC(C)CC(C)C,1.588
CC(=O)OC(C)CC(C)C,1.369
CC(C)CC(CC(C)C)OCCOCCO,1.4280000000000002
CC(=O)NC(CC(C)C)C(=O)NC(CC(C)C)C(=O)NC(C=O)CCCNC(=N)N,2.773
CC(C)CC(=O)O,1.7080000000000002
CC(C)CC(O)CC(C)C,1.659
CC(C)CC(O)CC(CC(C)C)CC(C)C,1.155
CC(C)CC=O,1.187
CC(=O)CCC(C)C,1.5519999999999998
CC(C)CCC(=O)O,1.753
CC(C)CCC=O,1.248
C#CCOC(=O)C=C(C)C=CCC(C)CCCC(C)C,1.751
CC(C)CCCC(C)N,2.381
CC(C)CCCCCCO,1.685
CC(C)CCCCCN(CCCCCC(C)C)CCCCCC(C)C,2.339
CC(C)CCCO,1.196
CC(C)CCO,1.831
CC(=O)OCCC(C)C,0.894
CC(C)CCOC(CO)CC(C)C,1.5419999999999998
CC(C)CCOC=O,1.072
CC(C)CCON=O,2.365
CC(C)CCP(CCC(C)C)CCC(C)C,2.039
CC(C)CN,2.506
CC(C)CNCC(C)C,2.7
CC(C)CO,1.479
C=CC(=O)OCC(C)C,1.258
CC(C)COC(=O)C=CC(=O)OCC(C)C,1.449
CC(=O)OCC(C)C,0.938
C=COCC(C)C,0.77
CC(C)CON=O,2.401
CC(C)N,1.858
CC(C)[N+](=O)[O-],2.093
CC(C)N(C(=O)SCC(Cl)=C(Cl)Cl)C(C)C,2.5810000000000004
CC(C)N(C(=O)SCC(Cl)=CCl)C(C)C,2.835
CC(C)N(CCO)C(C)C,2.133
CC(C)N(N=O)C(C)C,2.185
CC(C)NC(=S)NC(C)C,2.552
CC(C)NCCCN(C)C,2.045
CC(C)O,1.0759999999999998
CC(C)OC(=O)C=CC(=O)OC(C)C,1.79
CC(C)OC(=O)CCCCCCN,1.67
CC(=O)OC(C)C,1.5319999999999998
CC(C)OC(C)C,1.081
CC(C)OC(=O)Cl,2.059
CC(C)OCCCO,1.47
CC(C)OCCO,1.265
CC(C)OP(=O)(OC(C)C)OP(=S)(CCl)OC(C)C,4.292
CC(C)OP(=S)(OC(C)C)SCSC(C)C,4.782
CC(C)OP(C)(=O)OC(C)C,2.339
CC(C)OP(C)(=O)F,5.406000000000001
CC(C)OP(=O)(F)OC(C)C,4.566
CC(C)OS(=O)(=O)OC(C)C,2.2230000000000003
C=CC(C)=CCCC(C)(C)O,1.958
C=CC(C)C(C)C=O,1.297
C=CCOC(=O)CC(C)CC(C)(C)C,2.151
CC(=O)OC(C)CC(C)(C)OC(C)=O,1.78
CC(CC=O)CC(C)(C)C,1.642
CC(CC=O)CC=O,2.165
CC(C=O)CCC(C)(O)C=O,1.429
CC(C)=CCCC(C)CC#N,1.455
CC(C)=CCCC(C)CC(=O)O,1.814
C=CC(C)CCCC(C)(C)O,1.638
CC(CCl)OC(C)CCl,2.853
CC(CCN(C)C)N(C)C,2.2840000000000003
CC(C)=CCCC(C)CCO,1.656
C=CC(=O)OCCC(C)OC(=O)C=C,1.7480000000000002
CC(C)=CCCC(C)CCOC=O,1.341
CC(Cl)(C=O)CCl,1.94
CC(Cl)(Cl)C(=O)O,2.168
CC(Cl)(Cl)CCl,2.079
CC(Cl)(Cl)Cl,1.112
CC(Cl)=CCl,1.744
CC(=O)Cl,1.936
CC(Cl)C(Cl)Cl,2.079
CC(Cl)C(=O)O,2.337
CC(Cl)CCl,1.764
CC(Cl)Cl,2.135
CC(Cl)CO,2.637
CC(CN)NCCO,1.381
CC(CO)CCO,1.28
CC(=O)OCC(C)OC(C)=O,1.073
CC(CO[N+](=O)[O-])O[N+](=O)[O-],2.822
CC(N)=O,0.926
CC(N)=S,2.397
CC(N)CCN,1.815
CC(N)CN,1.5219999999999998
CC(=O)O,1.259
CC(O)C#N,2.912
CC(O)C(=O)O,1.383
CC(O)CC(C)(C)O,1.504
CC(O)CC(C)O,1.181
CC(O)CC=O,1.607
CC(O)CCC(C)O,1.771
CC(O)CCO,0.685
CC(O)CF,1.379
CC(O)CN,1.554
CC(O)CN(C)C,1.737
CC(O)CN(CC(C)O)CC(C)O,1.504
CC(O)CNCC(C)O,1.297
CC(O)CO,0.58
C=CC(=O)OCC(C)O,2.716
CC(O)COC(=O)C=CC(=O)O,1.669
CC(O)COCC(C)O,0.956
CC(OCCCl)OCCCl,2.781
C=C[Si](Cl)(Cl)CC,1.739
CC[Si](Cl)(Cl)Cl,2.09
C#CC(=O)C=CC,3.122
CC=CC(=O)OC(=O)C=CC,1.736
C=COC(=O)C=CC,1.237
CC=CC(=O)O,1.935
C#CC(O)C=CC,3.451
CC=CC(=O)OC(C=CC)OC(=O)C=CC,1.937
CC=CC=CC(=O)O,1.183
CC=CC=CC=O,2.506
CC=CC=CCOC(C)=O,1.507
CC=CC=CCOCCO,1.6269999999999998
CC=CC=O,2.532
CC=CCl,1.594
CC=CCO,1.889
CC=CCOC=CC,1.147
CC=NN(C)C=O,2.495
CC=O,1.824
CCBr,1.907
CCC#N,3.15
CCC(=O)C(C)=O,1.523
CCC(=O)CC,1.605
CCC(=O)OC,1.246
CCC(=O)OC(=O)CC,1.742
C=COC(=O)CC,1.3230000000000002
CCC(Br)(CC)C(=O)NC(N)=O,2.875
CCC(C)(C)CO,1.642
CCC(C)(C)NC(N)=NC#N,2.7110000000000003
CCC(C)(C)O,1.945
C#CC(C)(O)CC,2.515
CCC(C)(O)CC,2.158
CCC(C)=NCCCCCCN=C(C)CC,2.402
CCC(C)=O,1.421
CCC(C)C(C)(COC(N)=O)COC(N)=O,2.302
CCC(C)C(C)C=O,1.509
CCC(C)C(C)CO,1.689
CCC(C)C(CC)C(N)=O,2.275
CCC(C)C=O,1.129
CCC(C)CCCCCl,1.307
CCC(C)Cl,0.7240000000000001
CCC(C)CO,1.945
CCC(C)N,2.2840000000000003
CCC(C)O,1.058
CCC(C)OCCO,2.175
CC=C(C=O)CC,1.577
C=CCC(CC)(CC)C(N)=O,2.589
CCC(CC)(CO)CO,2.192
CCC(CC)C(=O)OCC(Br)(Br)Br,1.979
CCC(CC)C(=O)OCC(Cl)(Cl)Cl,2.439
CCC(CC)C(=O)O,1.723
CCC(C=O)CC,1.401
CCC(CC)CO,1.742
CCC(CC)CO[Si](OCC(CC)CC)(OCC(CC)CC)OCC(CC)CC,1.335
C=CC(=O)OCC(CC)CC,1.381
CCC(CC)COC(=O)CCCCC(=O)OCC(CC)CC,1.7480000000000002
CCC(CC)COCCC#N,1.8
CCC(CC)COCCC(=O)O,1.669
CCC(CC)COCCO,1.884
CCC(CC)COCCOC(=O)CCC(=O)OCCOCC(CC)CC,2.055
CCC(CC)COCCOC(=O)CCCCC(=O)OCCOCC(CC)CC,2.093
CCC(Cl)(CC)C(=O)OCC(Cl)(Cl)Cl,2.149
CCC(Cl)(Cl)Cl,1.296
CCC(Cl)Cl,1.24
C=CCOCC(CC)(CO)CO,1.548
CCC(CO)CC(C)C,1.482
CCC(=O)O,1.455
CCC(O)CC,1.673
CCC(O)OCCCOC,1.46
CC=CCOC(CC)OCC=CC,1.935
CCC=C(C)C=O,1.359
CCC=C(C)CO,1.3090000000000002
CCC=CC=CC=O,1.981
CCC=CCCO,1.329
CCC=CCCOCC=O,1.54
CCC=O,1.615
CCCC#N,3.141
CCCC(=O)C(C)C,1.456
CCCC(=O)CC,1.474
CCCC(=O)CCC,1.486
CCCC(=O)OC(C(Cl)(Cl)Cl)P(=O)(OC)OC,2.474
C=COC(=O)CCC,1.126
CCCC(=O)OCC,0.951
C=CCOC(=O)CCC,2.71
CCCC(C)(COC(N)=O)COC(=O)NC(C)C,2.295
CCCC(C)(COC(N)=O)COC(N)=O,2.339
CCCC(C)=O,1.731
CCCC(C)C(=O)O,1.755
CCCC(C)CO,1.86
CCCC(C)COC(C)=O,1.29
CCCC(C)COCCO,1.5930000000000002
CCCC(C)COCCOCCO,1.527
CCCC(C)OC(N)=O,2.494
CCCC(CC(OCC)OCC)OCC,1.109
CCCC(CCC)C(=O)O,2.333
CCCC(=O)O,1.644
CCCC(O)C(CC)CO,2.019
CCCC=C(CC)C(=O)O,1.4
CCCC=C(C=O)CC,1.7990000000000002
CCCC=CC=O,2.1
CCCC=CCO,1.457
CCCCC(=O)CC,1.617
CCCCC(C)=O,1.587
CCCCC(CC)(CO)CO,1.5019999999999998
CCCCC(CC)(COC(N)=O)COC(N)=O,2.571
C=COC(=O)C(CC)CCCC,1.599
CCCCC(CC)C(=O)O,1.682
CCCCC(CC)C(O)C(=O)O,1.71
CCCCC(C=CC(C)=O)CC,1.3159999999999998
CCCCC(C=O)CC,1.536
CCCCC(CC)CCC(C)N,2.37
CCCCC(CC)CCl,1.307
CCCCC(CC)CN,2.458
CCCCC(CC)CN(CCO)CC(CC)CCCC,1.764
CCCCC(CC)CNC(=O)CC(C)OC(=O)CCC(=O)O,1.416
CCCCC(CC)CNCC(CC)CCCC,2.168
CCCCC(CC)CO,1.803
CCCCC(CC)CO[Si](OCC(CC)CC)(OCC(CC)CC)OCC(CC)CCCC,0.941
CCCCC(CC)COC(=O)C(CC)CCCC,0.978
C=CC(=O)OCC(CC)CCCC,1.513
CCCCC(CC)COC(=O)C=CC(=O)OCC(CC)CCCC,1.067
CCCCC(CC)COC(=O)CCCCC(=O)OCC(CC)CCCC,1.609
CCCCC(CC)COC(=O)CCCCCCCC(=O)OCC(CC)CCCC,1.675
CCCCC(CC)COC(=O)CCCCCCCCC(=O)OCC(CC)CCCC,1.523
CCCCC(CC)COC(=O)OOC(=O)OCC(CC)CCCC,2.531
CCCCC(CC)COC(C)=O,1.759
C=COCC(CC)CCCC,2.064
CCCCC(CC)COCC(CC)CCCC,0.853
CCCCC(CC)COCCC#N,1.571
CCCCC(CC)COCCC(=O)O,1.734
CCCCC(CC)COCCCN,2.767
CCCCC(CC)COCCO,1.753
CCCCC(CC)COP(=O)(OCC(CC)CCCC)OCC(CC)CCCC,1.07
CCCCC(CC)COP(=O)(O)OCC(CC)CCCC,1.815
CCCCC(CC)COP(OCC(CC)CCCC)OCC(CC)CCCC,1.592
CCCCC(CC)COP(=S)(S)OCC(CC)CCCC,2.219
CCCCC(CC)OCCO,1.847
CCCCC(CC)OCCOCCO,1.842
CCCCC(O)CC,1.793
CCCCC(O)CCOC(C)=O,1.319
CCCCC[Si](Cl)(Cl)Cl,1.944
CCCCC[Si](OC)(OC)OC,1.592
CCCCC[Si](OCC)(OCC)OCC,1.069
CCCCC=O,1.274
CCCCCC,0.477
CCCCCC#CC(=O)OC,2.003
C=CCOC(=O)CCCCC,2.855
CCCCCC(C)(O)CC,1.628
CCCCCC(C)=O,1.835
CCCCCC(C)O,1.654
CCCCCC(CO)CCC,1.371
CCCCCC(=O)O,1.588
C=CC(O)CCCCC,2.576
C=CC(CCCCC)OC(C)=O,2.302
CCCCCC=O,1.311
CCCCCCC#CC(=O)OC,1.88
C=CCOC(=O)CCCCCC,2.532
CCCCCCC(CC=CCCCCCCCC(=O)OCCOC)OC(C)=O,1.422
C=C(C)C(=O)OCC(CCCC)CCCCCC,0.991
CCCCCCC(CO)CCCC,1.156
CCCCCCC(=O)O,1.269
CCCCCCC=CC=O,1.4480000000000002
CCCCCCC=O,0.911
C=COC(=O)CCCCCCC,1.358
CCCCCCCC(C)=O,1.648
CCCCCCCC(=O)O,1.156
CCCCCCCC=CC=O,1.489
CCCCCCCC=O,1.357
CCCCCCCCBr,1.585
CCCCCCCCC=CCCCCCCCC(=O)O,0.5820000000000001
CCCCCCCCCC(=O)OCCOCCOCCOC(=O)CCCCCCCCC,1.789
CCCCCCCCCC(C)=O,1.5319999999999998
CCCCCCCCCC=O,1.622
CCCCCCCCCCCC(=O)OCCSC#N,2.757
CCCCCCCCCCCC(=O)O,1.223
CCCCCCCCCCCC=O,0.904
CCCCCCCCCCCCCCCCCC(=O)OCCCC,1.027
CCCCCCCCCCCCCCCCCCNC(C)C,2.39
CCCCCCCCCCCCCCCCO,1.686
CCCCCCCCCCCCCCCN,2.537
CCCCCCCCCCCCCNCCCCCCCCCCCCC,1.588
CCCCCCCCCCCCCO,1.0659999999999998
C=CC(=O)OCCCCCCCCCCCCC,0.755
CCCCCCCCCCCCN,2.259
CCCCCCCCCCCCN(C)C,2.46
CCCCCCCCCCCCNC(N)=S,2.388
CCCCCCCCCCCCO,1.163
CCCCCCCCCCCCOS(=O)(=O)O,2.312
CCCCCCCCCCCO,1.759
CCCCCCCCCCN,2.75
CCCCCCCCCCO,1.525
C=CC(=O)OCCCCCCCCCC,1.517
CCCCCCCCOC(C)=O,1.759
CCCCCCCCSCCO,1.349
CCCCCCCO,2.366
C=CC(=O)OCCCCCCC,1.578
CCCCCCN,2.1790000000000003
CCCCCCNCCCCCC,2.688
CCCCCCO,2.152
C=CC(=O)OCCCCCC,0.779
CCCCCCOC(=O)CCCCCCCC(=O)OCCCCCC,1.348
CCCCCCOC(C)=O,0.536
CCCCCCOC(COCC(OCC)OCCCCCC)OCC,1.988
CCCCCCOCCCCCC,0.78
CCCCCCOCCO,1.995
CCCCCCOCCOC(=O)CCC(=O)OCCOCCCCCC,1.942
CCCCCCOCCOC(=O)CCCCC(=O)OCCOCCCCCC,1.972
CCCCCCOCCOCCO,1.587
CCCCCCS,1.974
C=CS(=O)(=O)CCCCCC,2.49
CCCCCl,1.54
CCCCCN(C)N=O,3.035
CCCCCN(CCCCC)N=O,2.027
CCCCCN(N=O)C(N)=O,2.454
CCCCCNCCCCC,2.765
CCCCCO,1.6030000000000002
CCCCCOC(=O)C=CC(=O)OCCCCC,1.717
CCCCCOC(C)=O,1.3019999999999998
CCCCN,2.301
CCCCN(C)CCCC,2.424
CCCCN(C)N=O,2.951
CCCCN(CC)C(=O)SCCC,2.344
CCCCN(CC)N=O,2.535
CCCCN(CCCC)C(=O)N(CCCC)CCCC,1.224
CCCCN(CCCC)CC(C)O,1.974
CCCCN(CCC#N)CCCC,1.749
CCCCN(CCCC)CCCC,2.536
CCCCN(CCCC)CCCN,2.356
CCCCN(CCCC)N=O,2.12
CCCCN(CCCCO)N=O,1.986
CCCCN(CCO)CCCC,2.209
CCCCN(CCO)CCO,1.579
CCCCN(COC(C)=O)N=O,2.065
CCCCN(N=O)C(=O)OCC,2.287
CCCCN(N=O)C(N)=O,2.56
CCCCN=C=O,2.218
CCCCNC,2.317
CCCCNC(=O)OCC(C)(CCC)COC(N)=O,2.421
CCCCNC(=S)N(CCCC)CCCC,1.911
CCCCNC(=S)NCCCC,2.7310000000000003
CCCCNCC,2.514
CCCCNCCCC,2.835
CCCCNCCO,2.008
CCCCO,1.972
C=C(C)C(=O)OCCCC,0.799
C=CC(=O)OCCCC,2.154
CCCCOC(=O)C=CC(=O)OCCCC,1.787
CCCCOC(=O)CC,1.416
CCCCOC(=O)CC(C(=O)OCCCC)P(=O)(OCCCC)OCCCC,1.228
CCCCOC(=O)CC(C)=O,1.148
CCCCOC(=O)CC(SP(=O)(OC)OC)C(=O)OCCCC,2.857
CCCCOC(=O)CCC(=O)OCCCC,1.459
CCCCOC(=O)CCCCC(=O)OCCCC,1.3019999999999998
CCCCOC(=O)CCCCCCCCC(=O)OCCCC,1.293
C=CCCCCCCCCC(=O)OCCCC,1.682
CCCCOC(C)=O,0.948
CCCCOC(C)OCCCC,1.297
C=COCCCC,1.001
CCCCOCC,1.7380000000000002
CCCCOCC(C)O,1.779
CCCCOCCC#N,1.232
CCCCOCCC(=O)O,1.45
CCCCOCCCC,1.245
CCCCOCCCO,1.347
CCCCOCCO,2.4
C=CC(=O)OCCOCCCC,1.423
CCCCOCCOC(C)=O,1.824
C=COCCOCCCC,1.668
CCCCOCCOCC,1.713
CCCCOCCOCC(C)O,1.644
CCCCOCCOCCCC,1.729
CCCCOCCOCCCO,1.533
CCCCOCCOCCO,1.457
CCCCOCCOCCOCCCC,1.7480000000000002
CCCCOCCOCCOCCO,1.486
CCCCOCCOCCOCCOCCOCCCC,1.673
CCCCOCCOCCSC#N,3.354
CCCCOCCOP(=O)(OCCOCCCC)OCCOCCCC,2.123
CCCCON=O,3.094
CCCCOP(=O)(OCCCC)OCCCC,1.948
CCCCOP(OCCCC)OCCCC,1.921
CCCCS,1.779
CCCCSCCCC,1.819
C=COCCSCCCC,1.753
CCCCSP(=O)(N(C)C)N(C)C,3.033
CCCCSP(=O)(SCCCC)SCCCC,3.322
CCCCSP(SCCCC)SCCCC,2.516
CCCCSSC(Cl)C(Cl)Cl,2.705
CCC[N+](=O)[O-],2.292
CCCN(CCC)C(=O)SCC,2.315
CCCN(CCC)CCC,3.299
CCCN(CCC)N=O,2.4330000000000003
CCCN(N=O)C(N)=O,2.436
CCCNCCC,2.342
CCCO,1.507
CCCOC(=O)CC(SP(=O)(OC)OC)C(=O)OCCC,2.978
CCCOC(=O)CC(SP(=S)(OC)OC)C(=O)OCCC,1.776
CCCOC(=O)CCC,0.938
CCCOC(=O)CCC(=O)N(CC)CC,1.219
CCCOC(=O)CCC(=O)OCCC,1.494
CCCOC(=O)OOC(=O)OCCC,1.783
CCCOC(C)=O,1.037
CCCOC=O,1.345
CCCOCCO,1.528
CCCOCCOC(C)=O,1.189
CCCOP(=O)(OC=C(Cl)Cl)OCCCl,4.0760000000000005
CCCOP(=S)(OCCC)OP(=S)(OCCC)OCCC,2.925
CCCP(=O)(O)OCC,1.82
CCCS,1.629
CCCS(=O)(=O)C=CS(=O)(=O)CCC,3.08
CCCSC(=O)N(CCC)CCC,2.229
CCCSCSP(=S)(OCC)OCC,4.9910000000000005
CCCSP(=O)(OC)SCCC,4.526
CCCSP(=O)(OCC)SCCC,3.853
CCCSP(=S)(OC)SCCC,4.184
CCCSP(C)(=O)SCCC,5.077
CCCSP(C)(=S)OP(C)(=S)SCCC,3.696
CCCSP(C)(=S)SC(CC(=O)OCC)C(=O)OCC,2.714
CCCSP(C)(=S)SCC(=O)OCC,3.103
CCCSP(C)(=S)SCCC,4.103
CCl,1.4480000000000002
CCN,2.052
CC[N+](=O)[O-],1.834
CCN(C)N=O,2.991
C=CN(CC)C(C)=O,1.663
C=CN(CC)N=O,3.056
CCN(CC(F)(F)F)N=O,2.211
CC#CN(CC)CC,2.122
CCN(CC)C(=O)C(Cl)=C(C)OP(=O)(OC)OC,4.574
CCN(CC)C(=O)CCl,2.476
C=C(Cl)CSC(=S)N(CC)CC,2.42
CCN(CC)C(=S)SSC(=S)N(CC)CC,2.773
CCN(CC)CC,2.342
C#CCN(CC)CC,1.859
CCN(CC)CCCl,3.902
CCN(CC)CCCN,1.965
CCN(CC)CCN,1.6130000000000002
CCN(CC)CCO,1.955
C=C(C)C(=O)OCCN(CC)CC,1.596
C=CC(=O)OCCN(CC)CC,2.347
CCN(CC)N=O,2.562
CCN(CCCl)CCCl,4.833
CCN(CCO)C(=S)NP(=S)(OC)OC,4.205
CCN(CCOC(C)=O)C(C)=O,0.916
CCN(N=O)C(=O)NC(N)=O,2.1830000000000003
CCN(N=O)C(N)=O,2.591
CCNC(=O)C(Cl)=C(C)OP(=O)(OC)OC,3.866
CCNC(=O)C(SP(=S)(OC)OC)C(=O)NCC,2.497
CCNC(=O)CC(C)=O,0.959
CCNC(=O)CSP(=S)(OC)OC,3.289
CCNC(=O)OCCSCSP(=S)(OC)OC(C)C,4.611000000000001
CCNC(=S)NCC,2.622
CCNC(N)=S,3.018
CCNCC,2.132
CCNCCO,1.95
CCNP(=S)(OC)OC(C)=CC(=O)OC(C)C,3.574
CCO,0.815
CCO[Si](C)(C)CCl,1.993
CCO[Si](C)(C)OCC,1.204
CCO[Si](C)(CCCC#N)OCC,1.732
CCO[Si](C)(CCCN)OCC,1.604
CCO[Si](C)(CCl)OCC,2.148
CCO[Si](C)(OCC)OCC,1.055
CCO[Si](CC)(OCC)OCC,1.138
CCO[Si](CCC#N)(OCC)OCC,1.587
CCO[Si](CCCC#N)(OCC)OCC,1.672
CCO[Si](CCCCN)(OCC)OCC,2.162
CCO[Si](CCCN)(OCC)OCC,2.095
CCO[Si](CCl)(OCC)OCC,1.948
CCO[Si](CCP(=O)(OCC)OCC)(OCC)OCC,1.281
C=C[Si](OCC)(OCC)OCC,0.918
CCO[Si](OCC)(OCC)OCC,1.521
CCO[SiH](Cl)OCC,1.39
C=C(CO)C(=O)OCC,2.322
CCOC(=O)C(=O)OCC,2.563
C=C(C)C(=O)OCC,0.887
CCOC(=O)C(C)C[Si](C)(OCC)OCC,1.004
C=CC(=O)OCC,2.097
CCOC(=O)C=C(C)OP(=O)(OCC)OCC,4.083
CC=CC(=O)OCC,1.58
CCOC(=O)C=CC(=O)OCC,1.986
CCOC(=O)CC(=O)OCC,1.028
CCOC(=O)CC(C)=O,1.515
CCOC(=O)CC(O)(CC(=O)OCC)C(=O)OCC,1.671
CCOC(=O)CC(SP(=O)(OC)OC)C(=O)OCC,3.299
CCOC(=O)CC(SP(=O)(OC)SC)C(=O)OCC,3.466
CCOC(=O)CC(SP(=S)(OC)OC)C(=O)OCC,3.057
CCOC(=O)CC[Si](C)(OCC)OCC,1.052
CCOC(=O)CC[Si](OCC)(OCC)OCC,1.072
CCOC(=O)CCC#N,1.091
CCOC(=O)CCC(=O)OCC,1.31
CCOC(=O)CCC[Si](C)(OCC)OCC,1.045
CCOC(=O)CCC=O,1.12
CCOC(=O)CCCCCC#N,1.179
CCOC(=O)CCCCCCCCC(=O)OCC,1.252
CCOC(=O)CCCCCCl,1.56
CCOC(=O)COP(=S)(OCC)OCC,2.4090000000000003
CCOC(=O)CSP(=O)(OC)OC,2.773
CCOC(=O)CSP(=O)(OCC)OCC,3.755
CCOC(=O)CSP(=S)(OCC)OCC,2.394
CCOC(=O)N(C)C(=O)CSP(=S)(OCC)OCC,4.026
CCOC(=O)N(C)N=O,2.866
CCOC(=O)NCCSP(=S)(OC)OC,3.403
CCOC(=S)SCSSCP(=O)(OCC)OCC,4.399
CCOC(=S)SSSC(=S)OCC,3.067
CCOC(=S)SSSSC(=S)OCC,3.047
CCOC(C)=O,1.195
CCOC(C)CC(OCC)OCC,1.587
CCOC(C)CO,1.327
CCOC(C)COC(C)CO,1.641
CCOC(C)OCC,1.41
CCOC(CC(OCC)OCC)OCC,2.136
CCOC(O)C(Cl)(Cl)Cl,2.342
C=COCC,1.069
CC=COCC,1.267
CCOC=CC(OCC)OCC,1.85
CCOC=O,1.6030000000000002
CCOCC,1.785
CCOCC(C)O,1.374
CCOCC(Cl)C(OCC)OCC,2.2030000000000003
CCOCCC(=O)OCC,1.466
CCOCCC(OCC)OCC,2.042
CCOCCC=O,2.055
CCOCCCCO,1.47
CCOCCCO,1.173
C=CC(=O)OCCCOCC,2.285
CCOCCO,1.6269999999999998
C=CC(=O)OCCOCC,2.129
CCOCCOC(C)=O,1.659
CCOCCOCC,1.43
CCOCCOCC(C)O,1.2009999999999998
CCOCCOCCO,1.3869999999999998
CCOCCOCCOC,1.358
CCOCCOCCOC(C)=O,1.205
C=COCCOCCOCC,1.152
CCOCCOCCOCC,1.514
CCOCCOCCOCCO,1.225
CCOCCOCCOCCOCCOCC,1.766
CCON(CC)N=O,2.072
CCOP(=O)(CC)SCSCSP(=O)(CC)OCC,5.334
CCOP(=O)(CCCl)OCC,2.302
CCOP(=O)(NC(C)C)SCC(=O)NCOC,3.454
CCOP(=O)(OC=CCl)N(CC)CC,3.502
CCOP(=O)(OC=C(Cl)Cl)OCC(Cl)CCl,3.702
C=C(OP(=O)(OC)OC)P(=O)(OCC)OCC,3.284
CCOP(=O)(OCC)C(O)(C(F)F)C(F)F,4.897
CCOP(=O)(OCC)C(SCC)(P(=O)(OCC)OCC)P(=O)(OCC)OCC,4.825
C=C(OP(=O)(OCC)OCC)P(=O)(OC)OC,3.222
CCOP(=O)(OCC)OC(C)=CC(=O)N(C)C,4.468999999999999
CCOP(=O)(OCC)OC(C)=CSC,5.205
CCOP(=O)(OCC)OC(=CC(=O)OC)CC(=O)OC,5.191
CCOP(=O)(OC=C(Cl)Cl)OCC,4.998
CCOP(=O)(OC=C(SCC)SCC)OCC,4.302
CCOP(=O)(OC=CCl)OCC,4.486000000000001
CCOP(=O)(OC=CCSCC)OCC,5.229
CCOP(=O)(OCC)OCC,2.056
CCOP(=O)(OCC)OP(=O)(N(C)C)N(C)C,4.88
CCOP(=O)(OCC)OP(=O)(OCC)OCC,5.763999999999999
CCOP(=O)(OCC)OP(=O)(OCC)OP(=O)(OCC)OP(=O)(OCC)OCC,4.859
CCOP(=O)(OCC)OP(=S)(CCl)OCC(C)C,3.789
CCOP(=O)(OCC)SC(Cl)=CCl,3.247
CCOP(=O)(OCC)SC(Cl)C(Cl)Cl,5.081
CCOP(=O)(OCC)SC(P(=O)(OCC)OCC)(P(=O)(OCC)OCC)P(=O)(OCC)OCC,4.325
CCOP(=O)(OCC)SC=C(Cl)Cl,5.18
C#CCSP(=O)(OCC)OCC,4.063
CCOP(=O)(OCC)SCC(=O)NC(C)(C)C#N,4.925
CCOP(=O)(OCC)SCC(C)(SCC)SCC,4.346
CCOP(=O)(OCC)SCCN(CC)CC,4.912
CCOP(=O)(OCC)SCCS(=O)(=O)CC,5.184
CCOP(=O)(OCC)SCCS(=O)CC,5.1370000000000005
CCOP(=O)(OCC)SCCSCC,5.236000000000001
CCOP(=O)(OCC)SCS(=O)(=O)CC,5.742000000000001
CCOP(=O)(OCC)SCS(=O)CC,5.415
CCOP(=O)(OCC)SCSCC,5.99
CCOP(=O)(OP(=O)(OCC)N(C)C)N(C)C,4.3660000000000005
CCOP(=S)(CC)SCSCSP(=S)(CC)OCC,5.239
CCOP(=S)(OCC)OCCS(=O)(=O)CC,3.509
CCOP(=S)(OCC)OCCS(=O)CC,3.438
CCOP(=S)(OCC)OCCSCC,4.537
CCOP(=S)(OCC)OP(=S)(OCC)OCC,4.809
CCOP(=S)(OCC)SC(=CC(=O)OC)C(=O)OC,3.613
CCOP(=S)(OCC)SCC(=O)N(C)C(N)=O,4.273
C=CCN(CC=C)C(=O)CSP(=S)(OCC)OCC,3.829
CCOP(=S)(OCC)SCC(=O)NC(C)C,4.552
CCOP(=S)(OCC)SCC(=O)OC,2.412
CCOP(=S)(OCC)SCC(N)=O,4.386
CCOP(=S)(OCC)SCCC(F)=C(F)F,2.636
CCOP(=S)(OCC)SCCl,4.525
CCOP(=S)(OCC)SCCS(=O)(=O)CC,4.611000000000001
CCOP(=S)(OCC)SCCS(=O)CC,4.919
CCOP(=S)(OCC)SCCSCC,5.1370000000000005
CCOP(=S)(OCC)SCCSCC(=O)NC,4.246
CCOP(=S)(OCC)SCS(=O)(=O)CC,5.235
CCOP(=S)(OCC)SCS(=O)CC,5.14
CCOP(=S)(OCC)SCSC(C)(C)C,5.256
CCOP(=S)(OCC)SCSC(C)C,5.397
CCOP(=S)(OCC)SCSCC,5.416
CCOP(=S)(OCC)SCSCSP(=S)(OCC)OCC,4.705
CCOP(=S)(OCC)SCSP(=S)(OCC)OCC,4.471
CCOP(=S)(SCC)SCC,1.818
CCOP(C)(=O)SCCN(C)C,6.238
CCOP(=O)(Cl)OCC,4.196000000000001
CCOP(=S)(Cl)OCC,2.148
CCOP(=S)(Cl)Cl,2.299
CCOP(N)(=O)SC,4.492
CCOC(=O)C(OP(OCC)OCC)C(C)=O,3.18
CCOP(OCC)OCC,1.715
CCOP(=S)(S)OCC,1.616
CCOS(=O)(=O)OCC,2.244
CCP(=S)(OC)SCSCSP(=S)(CC)OC,4.978
CCS,1.96
CCS(=O)(=O)CCOP(=S)(OC)OC,2.72
CCS(=O)(=O)CCSP(=O)(OC)OC,3.908
CCS(=O)CC(C)SP(=O)(OC)OC,3.403
CCS(=O)CCOP(=O)(OC)OC=C(Cl)Cl,3.452
CCS(=O)CCOP(=S)(OC)OC,2.613
CCS(=O)CCSP(=O)(OC)OC,3.914
CCS(=O)CCSP(=S)(OC)OC,3.419
CCS(=O)CSP(=S)(OC(C)C)OC(C)C,4.086
CCSC(=O)N(CC(C)C)CC(C)C,1.735
CCSC(=O)N(CC)CC,2.605
CCSC(=S)N(C)C,2.434
CCSCCCl,2.694
C=COCCSCC,1.429
CCSCCOP(=S)(OC)OC,3.487
CCSCCSP(=O)(OC)OC,3.76
CCSCCSP(=S)(OC)OC,3.789
CCSP(=O)(CC)SCC,3.82
CCSP(=O)(CCl)SCC,3.796
CCSP(SCC)SCC,2.781
C=C[Si](Cl)(Cl)Cl,2.101
N#CCCC[Si](Cl)(Cl)Cl,1.855
C=C(Cl)C(Cl)=C(Cl)Cl,2.659
C=CC(=C)Cl,2.294
O=C(Cl)C(Br)CBr,2.319
O=C(Cl)C(Cl)(Cl)Cl,2.482
O=C(Cl)C=CC(=O)Cl,2.276
C=CCOC(=O)Cl,2.694
ClC(Br)Br,2.39
N#CC(Cl)(Cl)Cl,2.762
O=C(C(Cl)(Cl)Cl)C(Cl)(Cl)Cl,3.043
ClC(Cl)(Cl)C(Cl)(Cl)Cl,1.725
ClC(Cl)(Cl)Cl,1.816
O=[N+]([O-])C(Cl)(Cl)Cl,2.818
C=CCSC(=S)SC(Cl)(Cl)Cl,2.089
C=C(Cl)Cl,2.685
ClC(Cl)=C(Cl)C(Cl)=C(Cl)Cl,3.462
C=CC(Cl)=C(Cl)Cl,2.365
ClC(Cl)=C(Cl)Cl,1.8
S=C(Cl)Cl,2.093
ClC(Cl)Br,2.252
N#CC(Cl)Cl,2.523
C=CCN(CC=C)C(=O)C(Cl)Cl,2.017
O=C(OC(=O)C(Cl)Cl)C(Cl)Cl,1.93
O=C(Cl)C(Cl)Cl,1.778
ClC(Cl)C(Cl)Cl,2.322
ClC(Cl)Cl,2.119
O=S(=O)(SC(Cl)(Cl)Cl)C(Cl)Cl,1.916
C=CCl,2.097
ClCBr,1.413
N#CCCl,2.536
ClCC(Br)CBr,3.143
O=P(OC(CCl)CCl)(OC(CCl)CCl)OC(CCl)CCl,2.367
O=CC(Cl)(Cl)CCl,2.8280000000000003
C=C(Cl)CCl,2.54
ClCC(Cl)=C(Cl)Cl,2.7110000000000003
ClC=C(Cl)CCl,2.373
ClCC(Cl)C(Cl)CCl,2.94
O=CC(Cl)CCl,2.9
ClCC(Cl)CCl,2.6630000000000003
ClCC(Cl)Cl,2.2030000000000003
O=P(OCC(Cl)CCl)(OCC(Cl)CCl)OCC(Cl)CCl,2.1830000000000003
O=S(=O)(C(Cl)CCl)C(Cl)CCl,3.017
C=CCCl,2.039
ClCC=CCCl,3.148
ClC=CCCl,2.373
O=CCCl,3.02
ClCCBr,3.35
N#CCCCl,2.952
ClCCCBr,2.229
ClCCCl,2.169
ClCCl,1.725
ClCCN(CCCl)CCCl,4.612
O=NN(CCCl)C(=O)NCCCl,4.029
ClCCO[SiH](OCCCl)OCCCl,3.149
C=CC(=O)OCCCl,2.874
C=COCCCl,2.63
ClCCOCCCl,3.28
ClCCOCCOCCCl,2.874
ClCCOCCOCCOCCCl,3.109
ClCCOCOCCCl,3.425
C=CP(=O)(OCCCl)OCCCl,2.372
O=P(OC=C(Cl)Cl)(OCCCl)OCCCl,4.104
O=P(OCCCl)(OCCCl)OCCCl,2.366
S=P(OCCCl)(OCCCl)OCCCl,2.5660000000000003
ClCCOP(OCCCl)OCCCl,3.431
O=S(=O)(Cl)CCCl,2.832
ClCOCCl,2.738
ClSC(Cl)(Cl)Cl,3.352
C[N+](=O)[O-],1.812
CN(C)[Si](CC[Si](N(C)C)(N(C)C)N(C)C)(N(C)C)N(C)C,2.4530000000000003
CN(C)C#N,2.681
CC(=O)CC(=O)N(C)C,0.757
CN(C)C(=O)N(C)N=O,2.738
CN(C)C(=S)N(C)C,2.158
CN(C)C(=S)SSC(=S)N(C)C,2.633
CC(=O)N(C)C,1.247
CN(C)C(=O)Cl,2.032
CN(C)C(CSC(N)=O)CSC(N)=O,2.7960000000000003
CN(C)C=O,1.4169999999999998
CN(C)CC#N,3.2260000000000004
CN(C)CCC#N,1.577
CN(C)CCCN,1.7380000000000002
CN(C)CCCN(C)C,2.502
CN(C)CCCNCCCN(C)C,2.063
CN(C)CCN(C)C,1.867
CN(C)CCN(C)CCN(C)C,2.027
CN(C)CCO,1.649
C=C(C)C(=O)OCCN(C)C,1.953
C=COCCN(C)C,2.806
CN(C)CCOCCN(C)C,2.175
CN(C)CCOCCOCCN(C)C,1.859
CN(C)N,2.693
CN(C)[N+](=O)[O-],1.915
CN(C)N(C)N=O,3.036
CN(C)N=NN(C)C,1.815
CN(C)N=O,3.1060000000000003
CN(C)NC(=O)CCC(=O)O,1.28
CN(C)P(=O)(N(C)C)N(C)C,1.851
CN(C)P(=O)(OP(=O)(N(C)C)N(C)C)N(C)C,4.758
CN(C)P(=O)(F)N(C)C,5.188
C=CN(C)C(C)=O,1.544
C=CN(C)N=O,3.555
CN(CC#N)N=O,3.343
CN(CC(=O)O)N=O,1.3730000000000002
C=CCN(C)N=O,2.469
CN(CCC#N)CCC#N,2.188
CN(CCCl)CCCl,4.1930000000000005
CN(CCCN)CCCN,1.975
CN(CCN(C)N=O)N=O,2.989
CN(CCO)CCO,1.3969999999999998
CC(=O)OCN(C)N=O,3.007
CN(N=O)C(=N)N[N+](=O)[O-],3.213
CC(=O)NC(=O)N(C)N=O,2.861
CN(N=O)C(=O)NC(N)=O,2.511
CC(=O)CC(C)(C)N(C)N=O,1.877
CC(=O)N(C)N=O,3.708
CN(N=O)C(N)=O,2.972
CN=C=O,3.044
CN=C=S,2.877
CNC,1.81
CNC(=O)C(C)SCCSP(=O)(OC)OC,3.652
CNC(=O)C(Cl)=C(C)OP(=O)(OC)OC,3.892
CNC(=O)C(SP(=S)(OC)OC)C(=O)NC,3.059
CNC(=O)C=C(C)OP(=O)(OC)OC,4.446000000000001
CNC(=O)CSP(=O)(OC)OC,3.852
CNC(=O)CSP(=O)(OC)SC,3.36
CNC(=O)CSP(=S)(OC)OC,3.582
CNC(=O)CSP(C)(=S)OC,4.329
CNC(=O)N(C)N=O,2.6210000000000004
CNC(=O)ON=C(C)C(C)(C)[N+](=O)[O-],4.194
CNC(=O)ON=C(C)C(C)S(C)(=O)=O,2.6860000000000004
CNC(=O)ON=C(C)SC,3.98
CNC(=O)ON=C(CSC)C(C)(C)C,4.41
CNC(=O)ON=C(SC)C(=O)N(C)C,4.9430000000000005
CNC(=O)ON=CC(C)(C)S(C)(=O)=O,3.949
CNC(=O)ON=CC(C)(C)S(C)=O,4.992
CNC(=O)ON=CC(C)(C)SC,5.466
C=C(C)C=NOC(=O)NC,2.977
CNC(=S)N(C)C,2.573
C=CC(C)NC(=S)NNC(=S)NC,2.339
CNC(C)=O,1.165
CNC(N)=S,3.256
CNC=O,1.169
CNCCO,1.506
CNN,3.158
CNNC,2.779
CNP(O)(=S)OC(C)C,2.325
CO,0.755
CO[Si](C)(OC)OC,1.037
CO[Si](CCCS)(OC)OC,1.825
CO[Si](CCS)(OC)OC,1.87
C=C[Si](OC)(OC)OC,1.118
CO[SiH](OC)OC,1.117
COC(=O)C(C(C)=O)C(C)=O,1.969
C=C(C)C(=O)OC,1.104
COC(=O)C(C)C,0.805
C=CC(=O)OC,2.492
COC(=O)C=C(C)OP(=O)(OC)OC,4.873
COC(=O)C=CC(=O)OC,2.01
COC(=O)CC(C)=O,1.556
COC(=O)C=C(CC(=O)OC)OP(=O)(OC)OC,3.959
COC(=O)CC(SP(=O)(OC)OC)C(=O)OC,3.444
COC(=O)CC(SP(=S)(OC)OC)C(=O)OC,2.472
COC(=O)CCC(Br)C(C)=O,2.57
C=COC(=O)CCCCC(=O)OC,1.4780000000000002
CC=CCCCCCCCC(=O)OC,1.82
COC(=O)CF,4.42
C=COCCOCCOCC(=O)OC,1.257
COC(=O)N(C)C(=O)CSP(C)(=S)OC,3.678
COC(=O)N(CCCl)N=O,3.921
COC(=S)SSC(=S)OC,2.951
COC(=S)SSC(Cl)(Cl)Cl,2.2230000000000003
COC(C)(C)C,1.3430000000000002
C=C(C)OC,1.586
COC(C)C=O,1.972
COC(C)CC(CC(OC)OC)OC,1.703
COC(C)CC(=O)O,1.591
COC(C)CC(OC)OC,2.001
COC(C)CC=O,2.277
COC(C)CCOC(C)=O,1.541
COC(C)COC(C)COC(C)CO,1.796
COC(C)OC,1.142
COC(=O)Cl,3.197
COC(F)(F)C(Cl)Cl,1.661
COC(F)=C(C(F)(F)F)C(F)(F)F,2.297
COC(N)=O,1.4780000000000002
C=CC=COC,1.594
COCC(C)O,1.202
COCC=O,1.5019999999999998
COCCC#N,1.287
COCCC(C)OC,1.501
COCCCO,1.198
COCCNC(=O)CSP(=S)(OC)OC,2.813
COCCO,1.49
COCCOC(=O)C=CC(=O)OCCOC,1.842
COCCOC(=O)N(CO)CO,1.212
COCCOC(C)=O,1.5419999999999998
COCCOC(C)OCCOC,1.7380000000000002
COCCOC(N)=O,1.035
C=COCCOC,1.418
COCCOCCO,1.339
COCCOCCOC(C)=O,1.132
COCCOCCOCCO,1.162
COCCOCCOCCOC(C)=O,1.273
COCCOCCOCCOCCOC,1.636
COCCSCCO,1.02
COCNC(=O)CSP(=S)(OC)OC,2.636
COCOCCO,1.213
CO[N+](=O)[O-],2.35
CON(C(=O)CSP(=S)(OC)OC)C(C)C,3.043
CON(C)C(=O)C=C(C)OP(=O)(OC)OC,5.102
CON(C)C(=O)CC(SP(=S)(OC)OC)C(=O)N(C)OC,4.4110000000000005
COP(=O)(CCC(=O)NCO)OC,1.211
COP(=O)(CSSCP(=O)(OC)OC)OC,3.6
COP(=O)(NC(C)=O)SC,2.418
COP(=O)(OC)C(O)C(Cl)(Cl)Cl,3.013
COP(=O)(OC)C(OC(C)=O)=C(Cl)Cl,2.943
COP(=O)(OC)OC,2.222
C=C(OP(=O)(OC)OC)P(=O)(OC)OC,2.957
COP(=O)(OC)OC(Br)C(Br)(Br)Br,3.407
COP(=O)(OC)OC(Br)C(Cl)(Cl)Br,3.1830000000000003
COP(=O)(OC)OC(C)=CC(=O)N(C)C,4.261
COP(=O)(OC)OC(Cl)C(Cl)(Br)Br,3.89
COP(=O)(OC)OC(Cl)C(Cl)(Cl)Cl,4.319
COP(=O)(OC)OC=C(Br)Br,3.088
COP(=O)(OC)OC=C(Cl)Cl,3.946
COP(=O)(OC)OP(=O)(OC)OC,5.138999999999999
COP(=O)(OC)SC,4.017
COP(=O)(OC)SC(CC(=O)OC(C)C)C(=O)OC(C)C,3.455
COP(=O)(OC)SCC(Cl)(Cl)Cl,3.261
COP(=O)(OC)SCCSC,4.034
COP(=O)(SC)SC,3.821
COP(=S)(NC(=S)N(C)CCO)OC,4.333
COP(=S)(OC)OC,2.444
COP(=S)(OC)SC,4.06
C=CCOC(=O)CC(SP(=S)(OC)OC)C(=O)OCC(C)SP(=S)(OC)OC,2.8280000000000003
COP(=S)(OC)SC(C)CSCC(C)SP(=S)(OC)OC,3.06
COP(=S)(OC)SC(CC(=O)OC(C)C)C(=O)OC(C)C,1.952
COP(=S)(OC)SCC(=O)N(C)C=O,3.012
COP(=S)(OC)SCC(=O)O,1.937
COP(=S)(OC)SCCNC(C)=O,3.044
COP(=S)(OC)SCCSC(C)C,3.24
COP(=S)(OC)SCOC(C)=O,3.394
COP(=S)(OC)SCSCC=C(Cl)Cl,3.5660000000000003
COP(=S)(OC)SCSCCOC(N)=O,3.821
COP(=S)(Cl)Cl,2.885
COP(N)(=O)SC,4.275
COP(OC)OC,1.89
COP(=S)(S)OC,2.199
COS(=O)(=O)OC,2.789
COS(C)(=O)=O,2.69
C=CS(C)(=O)=O,2.27
CS(C)=O,0.731
CS(=O)(=O)F,4.691
CSC(=S)N(C)C,3.339
CSC(C)=NOC(=O)N(C)SN(C)C(=O)ON=C(C)SC,3.345
CSCCC(N)C(=O)O,0.617
CSCCC=O,1.374
C=COCCSC,1.561
CSP(SC)SC,3.215
C=C(F)CCl,2.528
N#CC(F)(F)C(F)(F)C(F)(F)C#N,1.891
N#CC(F)(F)C(F)(F)C(F)(F)C(F)(F)C#N,1.937
FC(F)(C(Cl)(Cl)Cl)C(Cl)(Cl)Cl,2.725
O=C(C(F)(F)Cl)C(F)(Cl)Cl,2.891
O=C(C(F)(F)Cl)C(F)(F)Cl,3.513
FC(F)(Cl)C(F)(Cl)Cl,0.639
FC(F)(F)C(Cl)(Cl)C(F)(F)Cl,1.199
FC(F)(F)C(Cl)Br,1.541
FC(F)(F)C(F)(F)OC(F)(F)C(F)(F)F,1.104
O=NN(CCCC(F)(F)F)CCCC(F)(F)F,2.55
O=NN(CC(F)(F)F)CC(F)(F)F,2.845
FC(F)OC(Cl)C(F)(F)F,1.587
FC(F)OC(F)(F)C(F)Cl,1.53
FCCOC(Cl)C(Cl)(Cl)Cl,4.106
IC(I)I,3.045
N#CCCC#N,2.25
N#CCCCCC#N,2.844
N#CCCNCCC#N,1.659
N#CCCOCCC#N,1.642
N#CCCSCCC#N,1.5219999999999998
N#CN,2.527
NC(=O)C(N)=O,2.294
C=CC(N)=O,2.758
NC(=O)CF,4.127
NC(=S)NC(N)=S,4.432
C=CCNC(N)=S,2.764
NC(=O)CCC(N)C(=O)O,1.29
NC(CO)(CO)CO,1.3119999999999998
NC(CS)C(=O)O,1.807
NC(N)=O,0.851
NC(N)=S,2.785
C=CN,1.367
NC=O,0.908
C#CCN,1.849
NCC(=O)O,0.976
C=CCN,2.748
NCCCCCCN,2.19
NCCCCO,1.889
NCCCN,2.326
NCCCNCCCN,2.25
NCCCO,1.4240000000000002
NCCCOCCOCCCN,1.794
NCCCOCCOCCO,1.4
NCCCOCCOCCOCCCN,1.711
NCCN,2.08
NCCNCCN,1.98
NCCNCCNCCN,1.767
NCCNCCO,1.541
NCCO,1.474
NCCOCCO,1.269
NCCOS(N)(=O)=O,1.274
NNC(=O)CCCCCCCCC(=O)NN,1.964
NNC(N)=S,3.998
C#CCOC(=O)CCCCC(=O)OCC#C,3.0460000000000003
O=C=NCCCCCCN=C=O,2.358
O=CC=O,1.722
O=CCC=O,2.057
O=CCCCC=O,2.873
O=COCCOC=O,1.893
O=[N+]([O-])C([N+](=O)[O-])([N+](=O)[O-])[N+](=O)[O-],3.178
O=[N+]([O-])OCC(CO[N+](=O)[O-])O[N+](=O)[O-],3.335
N#CCN(CC#N)N=O,2.882
C#CC(=O)O,2.845
O=C(O)C(Cl)(Cl)Cl,2.611
O=C(O)C(Cl)CCl,2.532
O=C(O)C(Cl)Cl,1.66
O=C(O)C(F)(F)C(F)(F)C(F)(F)C(F)(F)C(F)(F)C(F)(F)C(F)(F)C(F)F,2.735
O=C(O)C(F)(F)C(F)(F)C(F)(F)C(F)(F)C(F)(F)C(F)F,2.381
O=C(O)C(F)(F)C(F)(F)C(F)(F)C(F)F,2.146
O=C(O)C(F)(F)F,2.756
O=C(O)C(O)=C(O)C(=O)O,1.392
O=C(O)C(=O)O,2.38
C=CC(=O)O,3.333
N#CCC(=O)O,1.754
O=C(O)CC(=O)O,1.9
O=C(O)CCC(=O)O,1.7180000000000002
C=CCCC(=O)O,2.3280000000000003
O=C(O)CCCCCC(=O)O,1.359
O=C(O)CCCCCCCCC(=O)O,1.774
C=CCCCCCCCCC(=O)O,1.868
O=C(O)CCCCCCl,1.689
O=C(O)CCl,2.212
O=C(O)CCS,3.044
O=C(O)CCSCCC(=O)O,1.774
O=C(O)CF,4.222
O=C(O)CN(CC(=O)O)CC(=O)O,2.24
O=C(O)CN(CP(=O)(O)O)CP(=O)(O)O,1.826
O=C(O)CNCP(=O)(O)O,1.54
O=C(O)COCC(=O)O,2.428
O=C(O)CS,2.907
O=C(O)CS(=O)(=O)O,1.6469999999999998
C=CC(O)C#N,3.107
C=CC(O)C(O)C=C,1.848
OC(CBr)C(O)C(O)C(O)CBr,2.312
O=CCCCC(O)C=O,0.884
OC(CCl)CCl,3.069
O=C(NC(O)C(Cl)(Cl)Cl)NC(O)C(Cl)(Cl)Cl,1.725
OC(O)C(Cl)(Cl)Cl,2.5380000000000003
O=CO,1.622
C#CCO,3.448
N#CCO,3.552
O=[N+]([O-])C(Br)(CO)CO,3.0460000000000003
OCC(Cl)CCl,3.156
OCC(CO)(CBr)CBr,1.879
OCC(CO)(CCl)CCl,2.129
O=[N+]([O-])C(CO)(CO)CO,1.901
C=CC(=O)OCC(CO)(COC(=O)C=C)COC(=O)C=C,2.084
OCC(F)(F)C(F)(F)C(F)(F)F,1.741
OCC(F)(F)F,2.62
O=C(O)CO,1.591
OCC(O)C(O)C(O)C(O)CO,1.13
OCC(O)CCl,3.629
OCC(O)CO,0.8640000000000001
O=[N+]([O-])OCC(O)CO,2.607
C=CCO,2.958
OCC=CCl,2.958
N#CCCO,1.347
OCCCCC(O)CO,0.937
OCCCCCCO,1.501
OCCCCCO,1.717
OCCCl,3.055
OCCF,4.1080000000000005
OCCN(CCO)CCO,1.271
O=NN(CCO)CCO,1.252
OCCNCCO,2.17
OCCO,1.121
C=CC(=O)OCCO,2.252
O=C(O)C=CC(=O)OCCO,1.814
C=COCCO,1.3530000000000002
OCCOCCCl,1.296
OCCOCCO,0.927
O=C(O)C=CC(=O)OCCOCCO,1.858
N#CCCOCCOCCO,1.075
OCCOCCOCCO,0.946
OCCOCCOCCOCCO,0.826
OCCS,2.505
OCCSCCO,1.267
C=CC(=O)NCO,2.329
O=P(O)(O)CCCl,1.628
O=P(O)(O)CN(CP(=O)(O)O)CP(=O)(O)O,2.154
O=P(O)(O)OCC(Cl)(Cl)Cl,2.212
S=C=S,1.378
CCSP(=O)(OC)SCC,3.103
CC(C)CCN(C)C,2.709
CCC(COC(=O)CC(C)=O)(COC(=O)CC(C)=O)COC(=O)CC(C)=O,1.107
C[Si](C)(C)CC(=O)O,1.644
C[Si](C)(C)CCCC(=O)O,1.7280000000000002
COC(=O)C(C)=COP(=S)(OC)OC,2.549
CCOC(N)=O,1.692
COC(=O)CS,3.102
CCCCC(C)(C)CO,1.7719999999999998
CCC(CC(C)CC)=NO,1.5759999999999998
CCCCCCCCOC(=O)CC(C(=O)OCCCCCCCC)S(=O)(=O)O,2.347
CC(C)(C)C(=O)C(Cl)Cl,2.114
CCOP(=O)(OCC)SC,3.592
CCOP(=O)(SCC)SCC,3.185
CN(C)C=CC#N,2.007
O=C(O)C(S)C(S)C(=O)O,1.659
CCOP(=O)(OCC)SCSP(=O)(OCC)OCC,4.441
CC(CCl)[N+](=O)[O-],2.797
CCCCC(C)(C)O[Si](OC(C)(C)CCCC)(OC(C)(C)CCCC)OC(C)(C)CCCC,0.909
CCCCC(CC)COP(=O)(Cl)OCC(CC)CCCC,2.055
CCCC(CCC)C(N)=O,2.207
O=P(OCCCl)(OCCCl)OCC(CO)(CO)COP(=O)(OCCCl)OCCCl,2.046
CCCC(=O)OCC(COC(=O)CCC)OC(=O)CCC,1.975
CCOP(=S)(OCC)SCSC(=S)N(C)C,3.3280000000000003
C=C(Cl)C(Cl)CCl,2.67
ClCC=C(Cl)CCl,2.852
N#CCCCCCN,2.136
C=CC(=O)OCCN(C)C,2.498
CCOC(=O)CC(=O)OC(Br)C(Cl)(Cl)Cl,2.12
O=C(O)CN(CCOCCOCCN(CC(=O)O)CC(=O)O)CC(=O)O,2.025
CCS(=O)CC,1.274
CC(C)CCP(=O)(CCC(C)C)CCC(C)C,2.066
OCC(Cl)C(Cl)CO,1.75
COC(=O)C[N+](=O)[O-],1.499
CCC(Br)(CC)C(=O)OCC(Br)(Br)Br,2.265
CCOP(C)(=O)SCC,4.448
C=C(C)C(=O)OC=C(C)C,1.446
CCOP(=O)(CC)SCC,4.374
CCC(CO)NCCNC(CC)CO,2.311
CCOP(=O)(CC)SC,4.563
COP(=O)(OC)SC(P(=O)(OC)OC)=P(OC)(OC)OC,4.007
CCCCOP(=O)(CC)SCCCC,4.592
CCOP(=O)(OCC)SC(C)C,3.074
CI,3.2710000000000004
CCOP(=S)(OCC)OC(C)C,2.327
CN,2.492
O=C(OCCOC(=O)C(Cl)(Cl)Cl)C(Cl)(Cl)Cl,1.702
CSC,1.275
CC(C)Cl,1.196
COP(=S)(Cl)OC,2.4730000000000003
CCOP(=S)(OCC)SCC,3.428
CN(C)C,2.073
C[SiH](Cl)Cl,1.5659999999999998
CCCCCOP(=O)(OCCCCC)OCCCCC,1.12
O=S(C(Cl)=CCl)C(Cl)=CCl,3.505
C=C(C)C(=O)OCCC[Si](OC)(OC)OC,1.022
C=C(C)C(=O)OCCSCCCC,1.582
CO[Si](CCCCl)(OC)OC,1.471
CS(=O)(=O)O,2.682
C[Si](C)(C)Cl,1.351
C[Si](C)(Cl)Cl,1.329
O=C(C=CC(=O)OCCCl)OCCCl,3.531
C[Si](Cl)(Cl)Cl,1.86
CC=CC(N)=O,1.4780000000000002
CC(C)COCC(C)O,1.489
ClC(Cl)(Br)CBr,3.0980000000000003
CC(C)(O)C#N,3.659
CC(C)(C)OO,2.387
CCOP(=O)(O)CCCl,2.14
CC(C=O)CC(C)(C=O)CO,1.89
CC(O)C(Cl)(Cl)Cl,2.213
C=CCCCC=CCO,0.985
ClC(Cl)C(Cl)(Cl)Cl,2.342
C=C(C)C(=O)OCC(=O)OC(C)C,1.3159999999999998
CC(O)C(C)(C)CO,1.037
CCOP(=O)(C#N)N(C)C,4.642
CCOC(=O)CC(CC(=O)OCC)(OC(C)=O)C(=O)OCC,1.658
N#CC(Cl)CCl,3.751
O=C(O)CC(O)(CC(=O)O)C(=O)O,1.806
OCCOCCOCCOCCOCCOCCO,0.946
CCC(CO)(CO)CO,0.978
O=[N+]([O-])OCC(CO[N+](=O)[O-])(CO[N+](=O)[O-])CO[N+](=O)[O-],2.28
C=CC(C)(O)CCCCC,1.898
CCOC(=O)N(C)SN(C)C(=O)ON=C(C)SC,3.116
CCOP(=O)(CC)OCC,1.853
CCC(C)(O)C#CC(C)(O)CC,2.085
CC(C)(C#N)N=NC(C)(C)C#N,3.215
CC(Br)C=CCl,3.36
CC(C)C=O,1.876
C=C(C)C=O,2.7
COC(=O)CCC(Cl)C(C)=O,1.94
C=CC(=O)N(CC)CC,1.954
ClC=C(Cl)Cl,1.4269999999999998
CC(=O)SCCCCCCSC(C)=O,2.667
O=C(Cl)CCl,2.735
C=CC(=O)N(C)C,2.497
NC(=O)CCl,2.8310000000000004
O=C(O)CBr,3.444
BrC(Br)C(Br)Br,2.459
C=C(C)C(N)=O,2.268
C=C(C)C(=O)O,1.91
CCCCC(CC)COC(=O)Cl,1.551
CS(=O)(=O)C(Cl)=CCl,3.458
CC(C)C(Br)C(=O)OC(C)C(Cl)(Cl)Cl,2.435
CCNC(C)C(C)C,2.42
C=C(Cl)C(=O)OC,3.249
OCP(CO)CO,2.843
CC(C)=CCCC(C)=CCCC(=CCCC(C)=CCO)CO,1.449
N#CSCC(Cl)SC#N,3.261
O=[N+]([O-])C(F)(COCC(COCC(F)([N+](=O)[O-])[N+](=O)[O-])(N(F)F)N(F)F)[N+](=O)[O-],2.744
COC(=NC#N)OC,1.881
OC(CCl)COCCCCCOCC(O)CCl,2.109
CC(O)COC(C)COC(C)CO,1.807
CCO[Si](CCCN=C=O)(OCC)OCC,2.544
O=C(Cl)CCCC(=O)Cl,2.827
CC=C(CC)C(=O)NC(N)=O,1.796
C=C(C)C(=O)CC,2.37
CC(C)CCCCCOC(=O)CS,2.769
CC(C)CCCCCOP(OCCCCCC(C)C)OCCCCCC(C)C,1.658
CC(C)CCCCC(=O)O,2.205
CC(C)(S)C(=O)NC(CS)C(=O)O,1.758
CCCCCCCCOC(=O)C=CC(=O)OCCCCCCCC,1.38
CCCCCCCC[Si](OCC)(OCC)OCC,1.495
CCOC(=O)CN=C=O,2.0580000000000003
CO[Si](CCCNCCCN)(OC)OC,1.797
O=[N+]([O-])CCCO,3.135
C#CC(C)(C)N,1.7519999999999998
CCOC=C(C(=O)OCC)C(=O)OCC,2.369
ClC(Cl)C(Cl)C(Cl)C(Cl)Cl,2.821
CCC(O)OC(O)CC,0.956
O=CC(Cl)=C(Cl)C(=O)O,3.228
CC(C)C(=O)OCC(C)(C)C(O)C(C)C,1.83
CCN(CC)CC#N,2.846
CC=C(C)C=CC=C(C)C,1.856
OCC(O)C(O)C(O)CO,0.965
CCN(CC)C(=O)Cl,1.7009999999999998
CC(CO[N+](=O)[O-])(CO[N+](=O)[O-])CO[N+](=O)[O-],2.395
CC(C)CCCCCCCO,1.482
CCCCCCC(C)(C)S,1.461
CCO[Si](C)(CCCCN)OCC,1.5
CCN(COC(C)=O)N=O,2.256
CCCN(COC(C)=O)N=O,2.205
O=S(=O)(C(Cl)(Cl)Cl)C(Cl)(Cl)Cl,2.639
CCCCP(=S)(CCCC)CCCC,2.521
C=CCNP(=O)(OC=C(Cl)Cl)OCCCl,4.071000000000001
CC(O)COC(C)CP(CC(C)OCC(C)O)CC(C)OCC(C)O,1.4269999999999998
C=CC(=O)OCCOC,2.507
CS(=O)C(C)(C)CO,1.081
CC(C)(CO)S(C)(=O)=O,1.129
CS(=O)C(C)(C)C(N)=O,0.97
CC(C)(C(=O)O)S(C)(=O)=O,1.465
CCC(O)CCO,0.7170000000000001
CN(C)CCCO,1.685
CCCCCCCOCCOCCO,1.842
O=P(OCCCCl)(OCCCCl)OCCCCl,2.339
N#CC(Br)Br,2.909
CCCC(C)(C)O,2.31
O=C(O)C(Cl)(Cl)CCl,1.858
C=C(C)C(=O)OCC(CC)(COC(=O)C(=C)C)COC(=O)C(=C)C,1.751
CCOP(=S)(OCC)N(SN(C)C(=O)ON=C(C)SC)C(C)C,3.094
C=CCN(CC=C)C(=O)CCl,2.395
CCCCCCCCC=CCCCCCCCC(=O)N(CCO)CCO,1.474
C=CS(=O)(=O)COCS(=O)(=O)C=C,3.656
OCCOCCOCCOCCOCCOCCOCCOCCOCCO,1.0490000000000002
CCCCC(CC)C(=O)OCCOCCOCCOC(=O)C(CC)CCCC,1.113
CCC(C)NC(=S)C(=S)NC(C)CC,4.588
COC(=O)CCBr,2.019
CCCCCCCCCCCCCCCCCC(=O)NC(CCC(=O)O)C(=O)O,2.139
CCN(N=O)C(C)(C)C,1.91
CCC(CC)C(=O)OCCOCCOCCOC(=O)C(CC)CC,1.7619999999999998
CCC(C)OP(=S)(OC)OC,3.872
CCCC(=O)OCN(C)N=O,2.301
CCC(C)(C)OO,2.081
OCC(Br)CBr,2.505
CCC(C)=NO,1.972
CCCC=CC(OCC)OCC,2.302
CC=CC(C)OC,1.918
C=CCCCC=CCOC(C)=O,0.7290000000000001
CC(C)CCCCCCCOC(=O)CCCCC(=O)OCCCCCCCC(C)C,1.318
CC(OP(C)(=O)F)C(C)(C)C,5.658
CCCC(N(C)C)N(C)C,2.293
CCCCCCCCCCCCCCO,0.904
O=S(=O)(Cl)CCl,2.603
CC(C)OC(Cl)=C(Cl)C(Cl)=C(Cl)Cl,2.371
CCSC(C)CC=O,1.645
CCOP(=O)(OC=C(Cl)Cl)OCCCl,4.754
CCCCCCCCS(=O)CCCCl,1.625
CC=CC=CCOCCC#N,1.621
CCOC(=O)C(C)O,1.159
CN(C)C(=S)SC(=S)N(C)C,2.6660000000000004
CC(C)COC(=O)C(C)C,1.052
C=C(C)C(=O)OCCOC(=O)C(=C)C,1.779
ClCC=C(Cl)C(Cl)Cl,2.662
C=CC(O)CC#N,2.6860000000000004
CC(C)CCCCCCCCCCO,1.071
CSC(C)=NOC(=O)N(C)SSN(C)C(=O)ON=C(C)SC,3.3080000000000003
CC(=NOC(=O)N(C)SSN(C)C(=O)ON=C(C)SCCC#N)SCCC#N,3.764
C=CC(=O)NCOC,2.842
O=[N+]([O-])C(Br)(Br)CO,3.932
NS(=O)(=O)OCC(Cl)(Cl)Cl,1.66
C=CCC(CC=C)C(=O)O,2.391
CCOC(=O)C(Br)CBr,3.035
CS(=O)C(C)(C)C(=O)O,1.3019999999999998
C=C(C)C(=O)OCC(C)O,1.11
CCCCC(CC)CNCC(C)(N)CNCC(CC)CCCC,2.612
C=C(C#N)CCO,2.399
S=C=NCCN=C=S,3.11
CCCCN(CCCC)SN(C)C(=O)ON=CC(C)(C)SC,4.447
COP(=S)(OC)SCC(N)=O,2.367
C=CCCCCC=C,0.875
CCCCCCCCCCCl,-0.3429999999999999
FCOC(C(F)(F)F)C(F)(F)F,1.268
C=CCOP(OCC=C)OCC=C,3.055
CCCCC(CC)C(=O)O[Si](C)(OC(=O)C(CC)CCCC)OC(=O)C(CC)CCCC,2.317
CCCCCCC(=O)OCCOCCOCCOCCOC(=O)CCCCCC,1.224
CCCCC(C)(C)O,2.151
CCCCC(CC)CNCC(C)(N)CN(C)CC(CC)CCCC,2.5340000000000003
CCOC(=O)C(C)(C)N=NC(C)(C)C(=O)OCC,2.676
CC=CC=CC(C)=O,1.959
CC(C)([N+](=O)[O-])C(C)(C)[N+](=O)[O-],3.547
CC(C)OC(=O)C(Cl)(Cl)Cl,1.67
C#CC(C)(CCC=C(C)C)OC(C)=O,1.305
CC(C)CNC(=S)NCC(C)C,2.372
C#CC(O)CCC,2.891
O=C=NCCCCCCNC(=O)N(CCCCCCN=C=O)C(=O)NCCCCCCN=C=O,1.383
CCOC(=O)CC,1.068
CCOC(=O)CCl,2.833
CC[Si](N(C)C)(N(C)C)N(C)C,2.245
CCC(C)OC(C)=O,1.56
CC(C)OC(=O)OOC(=O)OC(C)C,1.984
CC(=O)OCC=C(C)CCC=C(C)C,1.491
CC(C)=CCCC(C)CC=O,1.804
NCCNCCNCCNCCNCCN,2.162
C=COC(=O)CCCCC(=O)OC=C,1.491
CCCC(=O)OCC=C(C)CCC=C(C)C,1.3230000000000002
COCCOC(=O)CCCCCCCCC(=O)OCCOC,1.807
CC=CC=CC(=O)NO,1.713
CCCC(=O)OC(=O)CCC,1.255
CCCCCCCC(=O)OCC,0.8220000000000001
COP(N)(=S)SC,2.798
CCCOC(=O)CC,1.051
CCCOCC(C)OCC(C)O,2.073
CCCCOC(=S)SC(=S)OCCCC,2.279
CCCCOCC(C)OCC(C)O,2.109
CC(C)SSC(Cl)C(Cl)Cl,3.0780000000000003
NCCN(CCN)CCN,2.774
C=CCBr,3.004
C#CCBr,3.3510000000000004
CCCN,2.2030000000000003
CNC(=O)C(Cl)C(C)=O,2.33
C=COC,1.074
COC=O,2.102
CC(C)(C)CC(C)(C)N,2.773
CCCCCCC(=O)NO,1.6569999999999998
CC(C)(C)OC(=O)CCl,2.5980000000000003
CCNS(=O)(=O)C(F)(F)C(F)(F)C(F)(F)C(F)(F)C(F)(F)C(F)(F)C(F)(F)C(F)(F)F,2.987
CCCCOP(=O)(O)OCCCC,1.817
CC(=O)OOC(C)(C)C,2.292
CC(O)COC(=O)CBr,2.472
CCCCCCCCCC(=O)NP(=O)(OC)SC,3.373
CCCC(=O)NP(=O)(OC)SC,3.228
CN(C)CCN,1.89
CC(C)NC(C)C,2.119
CCCCCC(=O)NP(=O)(OC)SC,3.981
CCOP(=O)(NC(C)=O)SC,2.596
COC(=O)CC(=O)OC,1.394
COCC(C)OC(C)=O,1.19
C=C(C)C(=O)OCCOCCOCCOC(=O)C(=C)C,1.422
C=CCOC(=O)CCCCCCC,2.51
C=C(C)C(=O)OCCN=C=O,2.365
CCCCBr,1.696
CCCCC,2.256
CCCCCCCCCCCCNCC(C)N,2.937
CCCCC(CC)COC(N)=O,1.74
N#CCC#N,3.674
C=CCOC(=O)OC(=C)C(=O)OCC=C,2.736
O=C(O)C=CC(=O)O,2.215
CCCCCC(=O)NO,1.6130000000000002
CCCCNCCC[Si](OC)(OC)OC,1.265
NCCCCN,2.28
OCCCCO,1.7719999999999998
CCCC(=O)OC(=C(Cl)Cl)P(=O)(OC)OC,2.425
OCC=CCO,1.848
CC(OP(=O)(OCCCl)C(C)OP(=O)(CCCl)OCCCl)P(=O)(OCCCl)OCCCl,2.3480000000000003
OCC#CCO,2.914
CCSSCC,1.78
CCOP(=S)(OCC)SC=C(C)SC,5.037
CC(=O)CCC=C(C)C,1.557
CCCCCCCCC=CCCCCCCCC(=O)OCCOC,1.483
CCCCCCC(C)=O,1.618
C=CC(=O)OCCC[Si](OC)(OC)OC,2.347
CN(C)CCCCCCN(C)C,2.857
O=C(Cl)CCCCCCCCC(=O)Cl,2.777
O=[N+]([O-])OCCOCCOCCO[N+](=O)[O-],2.381
CC=CC=CCO,1.722
C=CCOCCO,1.525
COCCOCCOC,1.395
NCCNCCNCCNCCN,1.676
CC(C)COCCO,2.47
CCCCCCCCCCCCCCCCCC(=O)Cl,1.606
CCCCCCCCCCCCCCCCCCO,1.131
CCOC(=O)CC(=O)NP(=O)(OC)SC,3.31
CCC(C)(N)C#N,3.123
CCCCCCCCC(CC=CCl)CCCN,2.294
O=CC(Br)(Br)Br,3.448
CC(C)=CC(N)=O,1.445
C=C(C)C(=O)OCCC#N,1.278
COC(=O)OC(=O)OC,2.712
CC(C#N)CCC#N,2.432
CC(N)(CO)CO,0.7909999999999999
CC(C)(C)NCCO,1.859
CCCOP(=O)(SCCC)SCCC,3.298
CCOP(=S)(OCC)SC(CC(=O)OCSC)C(=O)OCSC,5.058
OCC(CO)(CO)CO,0.8440000000000001
C=CC(C)(CCC=C(C)C)OC(C)=O,1.149
CC(C)OP(OC(C)C)OC(C)C,3.096
CCC(C)C(=O)O,1.766
CCSC(=S)N(CC)CC,2.396
COP(=O)(OC)C(OC(=O)CCl)C(Cl)(Cl)Cl,2.987
CCCCOC(=O)C(Cl)(Cl)C(Cl)=C(Cl)Cl,2.177
COP(=S)(OC)SCCSC,3.491
CC=CC#N,2.127
C=CC(=O)OCCSC,2.0580000000000003
CCCCCCCCCCCC(=O)N(CCO)CCO,2.027
C#CCCC#CC#CCCCCO,2.843
O=C(O)CCC([N+](=O)[O-])([N+](=O)[O-])[N+](=O)[O-],2.498
CCOC(OCC)OCC,1.3219999999999998
CC(=O)C=CC(C)C,1.895
CC(=O)CCCOC(C)=O,1.375
CCCSP(=O)(OC)OC,4.292
N#CCCCCC(=O)O,2.104
CC(C)CC(C)(C)CO,1.835
CCCCCCC(C)P(=O)(C(C)CCCCCC)C(C)CCCCCC,1.726
CCCC=O,1.462
C=CC(=O)NC(OC)C(=O)OC,1.918
O=C(CS)OCCOC(=O)CS,2.804
CCCCOCCOCCOC(C)=O,1.497
COC(=O)C=C(Cl)C(=O)OC,0.693
CCCC(O)CO,0.914
CCCCCCCCCCCCCCCCCCN,2.051
CS(=O)(=O)Cl,3.36
CC(C)(N)CO,1.4880000000000002
C=C[Si](OC(C)(C)C)(OC(C)(C)C)OC(C)(C)C,2.048
ClCC(Cl)=C(Cl)C(Cl)Cl,2.685
CC(C)OCCOCCO,1.121
NC(=O)NO,1.121
COC(CC(C)=O)OC,1.329
ClC(COCC(Cl)C(Cl)(Cl)Cl)C(Cl)(Cl)Cl,2.017
CCCCOC(=O)CC#N,1.529
CC(C)=CCCC(C)=CC#N,1.683
COC(=O)C(OC(C)=O)=C(OC(C)=O)C(=O)OC,1.4380000000000002
CC(=O)CC(=O)OCCOC(C)=O,1.197
COC(C)=NC#N,2.356
CNC(=O)ON=C(C)C(C)SC,3.095
C=C(F)CO,2.767
C[Si](C)(C)CCC(=O)O,1.6880000000000002
COC(=O)C(O)=C(O)C(=O)OC,1.3430000000000002
CCOP(=O)(OCC)N(SN(C)C(=O)ON=C(C)SC)C(C)C,3.588
C=C(C#N)C(=O)OC,1.842
CCC(=O)OCC(COC(=O)CC)OC(=O)CC,1.609
CC(=O)C(Cl)C(=O)N(C)C,2.515
CCN(CCO)CCO,1.465
CCCC(C)OP(=S)(OC)OC,2.834
CN(C)C(=S)SSC(=S)NCCNC(=S)SSC(=S)N(C)C,2.177
COP(=O)(OC)SC(C)C,3.232
COP(=O)(OC)SC(C)(C)C,3.495
CCN(CC)CCOCCO,1.821
CCCCOCCOCCOC(=O)CCCCC(=O)OCCOCCOCCCC,1.86
CCCCCCCCCCCC(=O)OCC(O)CO,0.7859999999999999
COCC(C)=O,1.011
N#CCCC(Br)(C#N)CBr,2.713
C=CCOC(=O)OCCOCCOC(=O)OCC=C,2.809
CC(=O)NCCO,0.583
CCCCCCCCCO,1.608
CO[Si](CCl)(OC)OC,2.533
NCCCCCCNCCCCCCN,2.68
CCCCOCCOCCOCOCCOCCOCCCC,2.285
COP(=S)(OC)SSP(=S)(OC)OC,1.497
CC(C)C(O)C(C)(C)CO,1.864
O=C([O-])C(O)C(O)C(=O)[O-],1.494
CC(=O)OCCC(C)CCC=C(C)C,1.465
CC(Cl)COP(=O)(OCC(C)Cl)OCC(C)Cl,2.508
COCCOP(=O)(OCCOC)OCCOC,1.207
CCCC=C(CC)[N+](=O)[O-],2.364
ClC=CCl,1.895
CC(=O)OCCCCCCOC(C)=O,1.829
CCCC(=O)OC(Cl)C(Cl)(Cl)Cl,2.234
CC(C)CC(C)(C)COC(=O)C(C)C,1.521
CCCCOC(OCCCC)C(OCCCC)OCCCC,1.554
CNCCCN,1.967
O=C(O)CCCCCCCCCCl,1.616
O=P(CCCl)(OCCCl)OCCCl,2.486
CCCCN(CCCC)C(=O)CF,3.709
N#CSCSC#N,3.374
CCSP(=O)(OC)OC,4.091
CCCCCCCCCCF,4.506
CC(C)=CC(C)(C)COC(=O)C(C)C,1.578
O=C(O)C(F)(F)C(F)(F)C(F)(F)C(F)(F)C(F)(F)C(F)(F)C(F)(F)C(F)(F)C(F)(F)F,3.955
COCCO[Si](CCCl)(OCCOC)OCCOC,2.557
FC(Cl)C(F)(Cl)Cl,1.337
FC(F)(Cl)C(Cl)Cl,1.712
CC(C)CNC(=O)CF,3.5010000000000003
O=C(CF)OCCOC(=O)CF,4.918
FC(F)(F)C(Cl)(Cl)C(Cl)(Cl)C(F)(F)F,2.58
O=S(=O)(O)C(F)(F)C(F)(F)C(F)(F)C(F)(F)F,2.844
CO[Si](CCCNCCC[Si](OC)(OC)OC)(OC)OC,1.96
OCC(F)(F)C(F)(F)C(F)(F)C(F)(F)C(F)(F)C(F)(F)C(F)(F)C(F)F,1.992
CCCCCCCCCCCCCCCC(=O)NC(CCC(=O)O)C(=O)O,2.285
OCC(F)(F)C(F)(F)C(F)(F)CO,2.076
CNC(=S)NN,3.876
CCCCCCCCCCCCCCCCSCC(COC)COP(=O)([O-])OCC[N+](C)(C)C,3.318
FC(Cl)(C(Cl)(Cl)Cl)C(Cl)(Cl)Cl,2.783
CCOC(=O)C(F)(F)C(F)(F)C(F)(F)C(=O)OCC,1.773
CCCN(CCO)CCO,1.689
COC(F)(F)C(F)Cl,1.462
CCC=CCC=O,1.7990000000000002
CCP(=O)(OC)SC,4.269
CC(C)=CCCC(C)=CC(=O)O,1.658
CCCCCCCCCCCCCCSC#N,1.231
N#CC=C(Cl)C#N,1.215
CCN(CC)C(=O)CCC(C)=O,1.556
CS(=O)(=O)N(CCI)CCI,2.174
CS(=O)(=O)OCCN(CCOS(C)(=O)=O)S(C)(=O)=O,3.054
OC(CCl)CNCCNCC(O)CCl,2.389
CC(C)NC(=N)NC(C)C,1.6969999999999998
CCCCNCCCCCCN,2.507
CCOP(=S)(SC(C)CC)N(C=O)CC,3.449
CN(C)S(=O)(=O)CCNC(=O)N(CCCl)N=O,3.866
CNC(=O)ON=C(CS(C)=O)C(C)(C)C,4.79
CNC(=O)ON=C(CS(C)(=O)=O)C(C)(C)C,5.12
CSCC(=NO)C(C)(C)C,2.297
CC(C)(C)C(CS(C)(=O)=O)=NO,2.42
CS(=O)CC(=NO)C(C)(C)C,1.948
CCOC(=S)SSC(=S)OCC,2.7030000000000003
NCCCOCCCCOCCCN,1.7719999999999998
CCOP(=O)(O)CC,1.816
NC(=S)SSC(N)=S,1.976
ClCCSCCCl,3.971
N#CCN(CC#N)CC#N,3.429
CCCCCCCC(=O)NO,1.173
NC(=S)NNCNNC(N)=S,4.486000000000001
CC(F)(F)C(F)(F)C(F)(F)C(O)(F)F,2.32
CCCCCCCCN(C)C,2.987
CCS(=O)(=O)CCO,0.885
CC(C)=CCl,1.307
CC(C)CS,1.1
CCCCCCCOCCO,1.847
COCN(C)N=O,2.172
CCCCCCCCCCCCCCOCCOCCOCCOCCOCCOCCOCCO,2.303
O=C(O)CCCCCCI,2.0580000000000003
C=CCC(C(=O)NC(N)=O)C(C)C,2.244
O=C(NCCO)OCCO,1.467
CC(C)CCCC(C)NN,3.1260000000000003
O=C(CCl)CCl,3.803
CN(N=O)C(=O)C(=O)N(C)N=O,3.259
COC(C)(C)CCCC(C)CC=CC(C)=CC(=O)OC(C)C,1.094
CCC(C)OP(=S)(CC)OC,4.448
CCCCC(CC)COC(=O)CS,2.829
CCCCCCCC(=O)OCC(COC(=O)CCCCCCC)OC(=O)CCCCCCC,1.15
C=C[Si](C)(C)N[Si](C)(C)C=C,2.599
CCCCCOC(=O)CCC,1.113
CC(=O)OC(C)(C)C,1.452
CCOP(O)(=S)CC,2.41
CC(C)CCI,2.143
CC(O)COS(C)(=O)=S,2.331
CCOC(=O)Cl,2.604
CCOP(=O)(OCC)SC(C)(C)C,3.2510000000000003
CCC(=O)CC(C)CC,1.564
CC(=O)OCCCl,4.088
CCC(=O)OCCCCCOC(=O)CC,1.435
CCCCOC(=O)CC(SC(CC(=O)OCCCC)C(=O)OCCCC)C(=O)OCCCC,0.691
CCOCCOCCCO,1.3219999999999998
CC(CC(C)(C)O)OCCC#N,1.7280000000000002
CCCN(CCC)C(=O)CCC(=O)OCC,1.652
C=CCI,4.225
CC(N)CNCCCO,1.368
CSC#N,3.0860000000000003
N=C(N)N[N+](=O)[O-],1.009
O=C(CS)OCCCCOC(=O)CS,2.77
ON=CC=NO,2.869
CCCCCCC(C)I,1.467
COCCOC(=O)CC#N,1.5219999999999998
C=CO,2.838
COC(C)(C)CCCC(C)C(C)O,1.6230000000000002
C=C(C)CCl,2.028
CC(C)C(=O)C(C)C,1.509
CCCCCCCCCCCCC(Br)C(=O)O,2.584
CSCCC(O)C(=O)O,1.635
CCC(O)CO,0.7509999999999999
NCCCNCCNCCCN,2.162
OCCNCC(O)CNCCO,1.394
CCN(CC)CCSSCCN(CC)CC,2.891
CC(C)(C)C(=O)C#N,3.451
CCC(C)OC=O,1.005
N#CC(Cl)(Cl)CCl,2.899
BrC=CBr,3.477
CCCCNC(N)=O,1.966
C=CCSCC=C,1.5830000000000002
CCOCC(O)COC(C)C,1.511
CC(Cl)(Cl)[N+](=O)[O-],2.545
O=C=NCCOC(=O)OCCN=C=O,2.018
CC(C)(C=O)CO,1.504
N#CC=CCCC#N,2.446
CC(C)C(C)N,2.354
O=[N+]([O-])C(Br)Br,3.406
C=CC(=O)OCCCCCCOC(=O)C=C,1.656
CC(=O)OCCC(Cl)C(C)=O,1.94
N#CC(Cl)(Cl)C#N,3.016
CCCCC(CC)(C(=O)OCC)C(=O)OCCN(CC)CC,2.694
ClCC(Cl)(Cl)CCl,1.46
CC(C)CCCC(C)(C)O,1.327
NCC(O)CO,1.085
COC(=O)OC,0.841
NCCCNCCCNCCCNCCCN,2.394
CC(Cl)CCC(C)Cl,1.588
CCC(CC)CN,2.414
CCOP(=S)(Cl)OC,2.397
CCCCCCCCCCNCCCCCCCC,2.051
O=[N+]([O-])OCC(CO)O[N+](=O)[O-],2.107
CCOC(=O)CN(C)N=O,1.5630000000000002
CC(C)COC(=O)CC#N,1.495
C=CCOC(=O)CC#N,2.893
CCCCCCOC(=O)CC#N,1.42
CCOC(=O)CI,3.631
CCOC(=O)CS,2.829
O=[N+]([O-])OCC(O)CO[N+](=O)[O-],2.233
CCC(C)(C#N)N=NC(C)(C#N)CC,2.292
OCCI,3.536
CC=CC(C)=O,1.42
CCCOP(C)(=O)SCCC,5.214
N=C(N)NCCCCCCCCNCCCCCCCCNC(=N)N,3.074
CC(C)(C)C(=O)CCl,2.389
CCCOP(=O)(CC)SCCC,5.0680000000000005
CCN(CCNC(=O)SCC(C)C)C(=O)SCC(C)C,2.073
C#CCOC(C)=O,2.594
CCCSP(=O)(CC)OC,4.863
CCOP(=S)(Cl)OC(C)C,2.678
CCCOP(=O)(CC)SC,4.67
CCCOC(N)=O,1.74
C=CSC=C,2.705
CCCCOP(=O)(CC)SC,4.761
CC(C)=NN=C(C)C,2.424
CCCP(=O)(OC)SC,3.828
CCCCP(=O)(OC)SC,3.545
N#CCNCC#N,2.127
CCSP(=O)(CC)OC,4.23
O=[N+]([O-])OCCO[N+](=O)[O-],2.519
CC(CCl)OP(=O)(OC(C)CCl)OC(C)CCl,2.339
N#CSCCSC#N,3.46
CCCCCCC=NO,2.092
CON=C(C)C(=NOC(=O)N(C)SSC(C)(C)C)C(=O)N(C)C,4.261
CON=C(C)C(=NOC(=O)N(C)SN(C)C(=O)ON=C(C)SC)C(=O)N(C)C,4.263
N#CCCCCCCC#N,2.958
CN(C)C(=O)N(C)C,2.165
CON=C(C)C(=NOC(=O)N(C)SN(C)C(=O)ON=C(C(=O)N(C)C)C(C)=NOC)C(=O)N(C)C,4.313
CCOC(=O)CC(=O)CCl,2.915
CCOC(=O)C=C(C)C,1.043
C=C(C)C(=O)OCCN(CCOC(=O)C(=C)C)CCOC(=O)C(=C)C,1.5
CN(C)S(=O)(=O)CCNC(=O)NCCCl,3.712
CCN(CC)S(=O)(=O)CCNC(=O)N(CCCl)N=O,3.72
CCCSC(=O)Cl,2.089
N#CC(C#N)=C(C#N)C#N,4.409
NS(=O)(=O)CCNC(=O)N(CCCl)N=O,3.811
CSP(=O)(SC)SC,3.798
C=CCOCC(CC)(CO)COCC=C,1.518
CNS(=O)(=O)CCNC(=O)N(CCCl)N=O,3.834
CCCN(CCC)S(=O)(=O)CCNC(=O)N(CCCl)N=O,3.137
NC(=O)CBr,3.14
ClCCOCCC(OCCCl)OCCCl,2.595
CN(CCO)S(=O)(=O)CCNC(=O)N(CCCl)N=O,3.5460000000000003
CN(C)S(=O)(=O)CCCCCNC(=O)N(CCCl)N=O,3.119
CNCCC#N,1.571
CCCCCCC(C)N,3.007
CN(C)S(=O)(=O)CCCCNC(=O)N(CCCl)N=O,3.1
CCCN(CC)S(=O)(=O)CCNC(=O)N(CCCl)N=O,3.119
O=[N+]([O-])OCCOCCO[N+](=O)[O-],2.416
CCC(SC(C)=NOC(=O)NC)C(N)=O,4.218999999999999
CNC(=O)ON=C(C)SC(C)C(N)=O,3.964
CNC(=O)ON=C(C)SCC(N)=O,3.559
CNC(=O)ON=C(C)SCC(=O)N(C)C,4.377
CNC(=O)ON=C(SCC(N)=O)C(C)(C)C,4.544
CCC(=CC(=NO)C(N)=O)C(C)[N+](=O)[O-],2.519
N#CSC=CSC#N,3.266
CCCC(CCC)C(C)NC(=O)CC,2.454
COC(=O)C=C(C)N,1.816
C=C(C)C(=O)OCCSCC,1.372
CCN(N=O)C(=O)NC(C)=O,2.461
COP(C)(=O)OC,1.179
CC(=CC(O)(C(F)(F)F)C(F)(F)F)CC(O)(C(F)(F)F)C(F)(F)F,4.334
CNC(=O)CCS,2.213
FCCBr,4.405
O=S(=O)(F)CCCl,3.467
N#CC=CC#N,2.772
C=COCCCCCCCCCC,1.67
CCCCCCCCCCCCSC#N,2.26
O=C(CCl)OCCOCCO,2.375
CCOC(C)C#N,1.54
CCOP(=O)(SC(C)CC)SC(C)CC,3.863
COC=CC=C(C#N)C#N,2.827
CCOC(=O)C(=O)NP(=O)(OC)SC,2.6830000000000003
O=P(CC(Br)CCl)(OC(CCl)CBr)OC(CCl)CBr,2.7060000000000004
COP(=O)(OC)C(O)(C(F)F)C(F)F,4.426
C=C(F)C(=O)OCC(F)(F)C(F)F,3.532
OCCCC(O)CO,1.188
O=C(O)CCCCCCCl,1.961
CCC(C)(CC)C(=O)OCC(C)C,2.662
O=S(=O)(CCCl)COCS(=O)(=O)CCCl,3.2510000000000003
O=S(C(Cl)C(Cl)Cl)C(Cl)C(Cl)Cl,3.62
CCCCCCC(C)=CC#N,1.944
C=C(C)C(=O)OCCO,1.411
CCCCC=CCCCCCCOC(C)=O,1.227
CCCCCCCCP(=O)(CCCCCCCC)CCC(C)C,1.615
C=CC(C)(O)CC,2.156
C=C(Cl)C#N,3.544
C=C(C)C(=O)NCO,2.611
CC(C)(C)OOC(=O)C(C)(C)C,1.608
CN(C)[SiH](N(C)C)N(C)C,2.434
CCO[Si](CNCCCCCCN)(OCC)OCC,2.767
NCCCCCCC(=O)O,1.208
C=COCCOCCO,1.4280000000000002
C=C[Si](OOC(C)(C)C)(OOC(C)(C)C)OOC(C)(C)C,2.289
CCCCCCCCCCCCCOCCOCCOCCOCCOCCOCCO,2.521
C=CC(=O)OCCSCC,1.807
C=CC(=O)NC(C)(C)CS(=O)(=O)O,1.584
CCOC(OCC)[SiH2]CNCCCCCCN,2.641
COP(=O)(SC(C)C)SC(C)C,3.283
CCC(C)(C)OC,1.805
CCCCCCOCCOCCOCC,1.6469999999999998
CN(C)C(CSC#N)CSC#N,3.39
CCCCP(CCCC)CCCC,2.431
C=CC(=O)OCC(CC)(COC(=O)C=C)COC(=O)C=C,1.715
CCCC=C(C=NCCCCCCCCCCCCCCCCCCCCC)CC,1.897
CCCSP(C)SCCC,4.9430000000000005
C[Si](C)(C)N[Si](C)(C)C,2.278
C[Si](C)(C)N=C=N[Si](C)(C)C,2.033
COP(=O)(NC=O)SC,2.949
COP(=O)(SC)N(C)C(C)=O,1.994
CCCCCCCCCCCC(=O)NP(=O)(OC)SC,3.51
COP(=O)(NC(=O)CCCCl)SC,4.913
COCC(=O)NP(=O)(OC)SC,3.028
CCCCCCCCCCCCCC(=O)NP(=O)(OC)SC,3.5460000000000003
C=CCSP(=O)(NC(=O)CC)OC,3.252
C#CCSP(=O)(NC(=O)CC)OC,2.6460000000000004
CCOP(=S)(OCC)OC(Cl)C(Cl)(Cl)Cl,5.225
O=P(O)(O)CN(CC(O)CN(CP(=O)(O)O)CP(=O)(O)O)CP(=O)(O)O,2.035
C=C[Si](OCCOC)(OCCOC)OCCOC,1.976
CCCCCCCCCCN(CCCCCCCCCC)CCCCCCCCCC,2.167
CCCCC(CC)COP(=O)(O)O,1.785
C=CC(=O)OCCCCOC(=O)C=C,2.529
C=CC(=O)OOCCOC,2.242
ClCCC(Cl)(Cl)Cl,2.57
N#CCC[Si](Cl)(Cl)Cl,1.974
O=C(O)COC(C(=O)O)C(=O)O,1.694
CC(=O)CCCO,1.203
CCCCC=CC=CC=CCCCCCCCC(=O)OC,1.767
N#CC#CC#N,2.237
N#CC(Cl)=C(Cl)Cl,3.398
CCN(N=O)C(C)C,2.024
CN(CCCl)N=O,3.746
C=CC=CC=CCCCCC,1.298
CC=CC=CCOC(=O)C(C)C,1.527
CCCN(CCC)C(=O)CN(CC)P(=S)(OCC)OCC,2.211
CCOP(=O)(OCC)SCCC(F)=C(F)F,3.612
CCOC(=O)C=CN(C)C,1.503
O=C(O)CCCCCCCCCl,1.808
C=CC(=O)NCOCC(C)C,2.201
ClCC(Cl)(Cl)C(Cl)Cl,2.422
CNC(C)C#N,3.244
CO[SiH](C)OC,1.3430000000000002
O=[N+]([O-])C(F)(COCOCC(F)([N+](=O)[O-])[N+](=O)[O-])[N+](=O)[O-],2.125
CCOP(=O)(OCC)SCC,3.866
CCOC(=O)C(Br)C#N,2.66
CN(C)CCC(=O)N(C)C,1.722
C=CC(=O)NC,2.252
CC(C)COP(C)(=O)SCCN(C)C,5.404
COP(N)(=S)OC,2.537
CCOP(=O)(OCC)SCSP(=S)(OCC)OCC,4.021
CCCCCCC#COC(=O)OCC,1.842
CCCCC(CC)COP(=O)(OCCCO)OCC(CC)CCCC,1.527
C=CC(=O)OCCCCCCCC(C)C,1.295
CCCCCC=CCC=CCCCCCCCC(=O)N(CCO)CCO,1.5319999999999998
CC=CC=CC=CC(C)=O,1.501
CC(=O)CCCCCCCC(=O)O,1.779
N#CCCNC(=O)CCl,2.553
CSCCC(O)C#N,3.437
C=COCCOC(=O)C(=C)C,1.42
CCCCOCC(C)OCC(C)OCC(C)O,2.13
NC(=[NH2+])NCCCC(N)C(=O)[O-],1.5
C=CC(=O)OCCOCCOCCOCCOC(=O)C=C,2.57
C=CCN=C=O,2.696
CCCP(=O)(CCC)CCC,2.097
CCOP(=O)(Cl)Cl,2.87
CCO[Si](C)(CCP(=O)(OCC)OCC)OCC,2.481
CCCCCCCCOP(=O)(O)OCCC(Cl)Cl,1.494
CP(=O)(O)F,2.514
CC=CC=CC#N,2.117
CC(C)(C)N=NC(C)(C)O,2.642
CCO[Si](CCS)(OCC)OCC,1.836
CCCCC(CC)C(=O)OCCOCCOCCOCCOC(=O)C(CC)CCCC,1.395
CCNC(=O)NC(=O)C(C#N)=NOC,2.256
CCCC=CC(OC)OC,1.929
C=C(C)CNCC,3.297
CCCCCCCCCCCCCCCCOP(=O)([O-])OCC[N+](C)(C)C,3.219
NNC(=O)C(N)CS,2.11
O=C(CI)NC(=O)CI,2.735
CCC=CCC=CCC=CCC=CCC=CCCCC(=O)O,1.481
COP(C)(=O)SC,4.628
CC(=O)OCCC(C)CC(C)(C)C,1.642
ClCCCCCCCCC(Cl)(Cl)Cl,2.857
CCCOCC(C)O,1.6740000000000002
N#CCCOCCCCOCCC#N,1.6909999999999998
NCCCCC(CN)CCCN,2.358
CCSC(SCC)=C(C#N)C#N,2.405
CO[Si](CCCCCCCCCC[Si](OC)(OC)OC)(OC)OC,2.24
CCCCC=CC=O,1.936
CC(C)COCCOCCO,1.536
OCC[Si](CCO)(CCO)CCO,1.477
CN(C)C(=N)NC#N,1.465
CCOC(=O)OC(=O)OCC,2.28
CCCCC(CC)COC(=O)CCCCCCCCCCC(=O)OCC(CC)CCCC,1.325
CCOP(=O)(O)O,1.896
CN(C)[Si](N(C)C)(N(C)C)N(C)C,2.141
CSC(C)(C)C=NO,2.254
CNC(=O)ON=CC(C)(C)OC,4.065
C=CC(=O)OCCOCCOCCOC(=O)C=C,2.713
CCOP(=S)(OCC)OC(C)=CC(=O)OC,6.282
C=CC(=O)OCCC(=O)NC,2.302
O=C(O)CC(C(=O)O)C(CC(=O)O)C(=O)O,2.134
CC(=O)OC(C)C(Cl)(Cl)Cl,2.358
CCCCOP(=O)(OCCO)OCCCC,2.444
CN(C)CCOCCO,1.754
OCCCS,2.9
CC(C)=NNC(N)=S,3.432
CCOC(=S)SCC#N,2.885
CN(C)CCNN,1.689
CO[Si](CCCNCCN)(OC)OC,1.462
O=C(O)C(F)(F)C(F)(F)C(F)(F)C(F)(F)C(F)(F)C(F)(F)C(F)(F)C(F)(F)C(F)(F)C(F)F,3.023
O=C(C(Cl)Cl)C(Cl)(Cl)Cl,3.0610000000000004
CCCCC=CCCCCCCO,1.196
CCOP(=S)(OCC)OC(C)CC,3.669
CC(=O)OCCCC(=O)CBr,2.57
COCC(C)OCC(C)OCC(C)O,1.809
C=CC(=O)NCOCCCC,2.184
CCOC(=O)CC(C)(C)C(Cl)C=C(Cl)Cl,1.937
C=C(C)C(=O)OCC(=O)OCC,1.339
CC(C)(C)C(=O)CC#N,2.6460000000000004
C=C(CCl)CCl,2.9210000000000003
NCCCNCCSP(=O)(O)O,2.414
OCCSSCCO,2.95
CSCCC(OC(C)=O)C(=O)O,1.915
C=CC(=O)OCC(=O)OCC,2.867
O=C(O)CN(CCCN(CC(=O)O)CC(=O)O)CC(=O)O,2.282
CC(=O)OC=CCOC(C)=O,3.023
OCC(Br)C(Br)CO,2.003
CC(S)C(=O)NCC(=O)O,2.099
NCCNCCNCCO,1.5019999999999998
CC=C(C(=O)NC(N)=O)C(C)C,1.277
CCC=CCC=CCC=CCC=CCC=CCC=CCCC(=O)O,1.517
C=CC(=O)OCCOC(=O)CC(C)=O,2.138
CCOCCC#N,1.491
CC(C)(C)N(Cl)Cl,2.26
CC(C)(C)N(CCO)CCO,1.773
C=CC(N)CCC(=O)O,1.634
NS(=O)(=O)CCl,1.331
CCO[Si](CS)(OCC)OCC,1.916
C=COC(=O)C=C,3.063
C=CCSSCC=C,2.75
C=CC(=O)NC(C)C,2.48
CC(N)CC(C)(C)N,2.431
CC(C)OC(=O)C(O)C(O)C(=O)OC(C)C,1.545
CCN(N=O)C(C)OC,2.121
CCN(COC)N=O,2.34
NNC(=S)NN,3.691
CCN(CC)C(=O)CC(C)=O,1.521
COC(C)N(C)N=O,2.692
CCC(C)=CCCC(C)=CC#N,1.798
CCCC(N)(CCC)CCC,3.0660000000000003
CNC(=O)c1c(I)c(C(=O)NCC(=O)Nc2c(I)c(C(=O)O)c(I)c(C(=O)NCCO)c2I)c(I)c(N(C)C(C)=O)c1I,1.98
NC1=NCC(CN2CCN(c3ccccc3)CC2)O1,2.656
C(OCC1CO1)C1CO1,2.461
CC1(COCC2(C)CO2)CO1,1.974
O=C(Nc1ccccc1)Nc1cnns1,1.615
NN1C(=O)CSC1=S,4.8260000000000005
O=C1CSC(=S)N1,2.619
Cc1ccccc1N=Nc1c(N)ccc2ccccc12,3.338
COc1ccc2c(=O)c(C)c(C)oc2c1CN1CCOCC1,3.838
CCC1(c2ccccc2)C(=O)NCNC1=O,2.1630000000000003
C(Oc1nc(OCC2CO2)nc(OCC2CO2)n1)C1CO1,2.248
CCOC(=O)C=C1SC(N2CCCCC2)C(=O)N1CC,1.962
CCOC(=O)C=C1SC(N2CCCCC2)C(=O)N1C,1.443
O=[N+]([O-])c1ccc(C=NNC(=S)N2CCCCC2)o1,2.576
O=C1CCc2cc(C(=O)CCN3CCN(c4ccccc4)CC3)ccc2N1,2.861
CC1=CCC(=C(C)C)CC1,1.492
COC1CC(OC2C(C)C(=O)OC(C)C(C)C(O)C(C)C(=O)C3(CO3)CC(C)C(OC3OC(C)CC(N(C)C)C3O)C2C)OC(C)C1O,2.011
CN(c1ccc2c(O)c(N=Nc3ccc4c(S(=O)(=O)O)cccc4c3S(=O)(=O)O)c(S(=O)(=O)O)cc2c1)c1nc(Cl)nc(Cl)n1,1.925
CC1CC(=O)O1,0.7040000000000001
CC1(C)COC1=O,1.833
O=c1[nH]nc2n1-c1cc([N+](=O)[O-])cc([N+](=O)[O-])c1OC2,1.879
Cc1c2oc3c(C)ccc(C(=O)NC4C(=O)NC(C(C)C)C(=O)N5CCCC5C(=O)N(C)CC(=O)N(C)C(C(C)C)C(=O)OC4C)c3nc-2c(C(=O)NC2C(=O)NC(C(C)C)C(=O)N3CCCC3C(=O)N(C)CC(=O)N(C)C(C(C)C)C(=O)OC2C)c(N)c1=O,5.2410000000000005
CN1CCC2(C)c3cc(OC(=O)NCCCCCCCCN4CCSCC4)ccc3N(C)C12,4.3
O=C(NN=CC(O)C1OC(=O)C(O)C1O)c1ccncc1,1.662
Cc1cc(C(=O)c2ccccc2)ccc1N=Cc1cccc(OCCC(C)C)c1,2.264
Cc1cc(C(=O)c2ccccc2)ccc1N=Cc1ccc(OCCC(C)C)cc1,2.41
CCOC(C1=NCCCN1)c1ccc2c(c1)CCC2,2.537
CC1=CCC2C(C1)C2(C)C,1.453
CN1C(=O)CN=C(c2ccccc2F)c2c1ccc(NC(=O)N1CCOCC1)c2Cl,2.537
CNC(=O)Oc1cccc2c1OC(C)(C)C2=O,2.902
CC1=CC2OC3C(O)C(O)C(C)(C34CO4)C2(CO)C(O)C1=O,4.205
CC(=O)OC1C(O)C2OC3C=C(C)C(=O)C(O)C3(CO)C1(C)C21CO1,4.947
OC1CCc2ccccc21,2.335
Oc1ccc2c(c1)CCC2,1.616
CC(=O)c1cc2c(cc1C)C(C)(C)C(C)C2C(C)C,2.066
CC(=O)C1(C)C(C)(C)c2ccc(C)cc2C1(C)C,2.158
CC(C)(C)c1ccc2c(c1)C(C)(C)CC2,1.116
CC(C(=O)O)c1ccc2c(c1)CC(C(C)C)C2,2.19
C#CCN(C)C1CCc2ccccc21,2.87
N#CN=c1ccccn1Cc1c(Cl)cccc1Cl,2.745
N#CN=c1ccccn1Cc1ccc(Cl)cc1,2.688
N#CN=c1ccccn1Cc1ccccc1Cl,2.688
CCC(CC)COCCOCCCN1C(=O)C2C3C=CC(C3)C2C1=O,1.5659999999999998
CCCCC(CC)CN1C(=O)C2C3C=CC(C3)C2C1=O,1.993
Nc1nnc(C=Cc2ccc([N+](=O)[O-])o2)s1,2.104
ClC1OCCOC1Cl,2.047
C1COCCO1,1.3219999999999998
COP(=S)(OC)SC1OCCOC1SP(=S)(OC)OC,3.0580000000000003
CCOP(=S)(OCC)SC1OCCOC1SP(=S)(OCC)OCC,4.3580000000000005
CC1(C)COCCO1,1.588
CC(Cc1ccccc1)NC(=O)Cn1nc(-c2ccccc2)ccc1=O,2.42
CC(Cc1ccccc1)N(C)C(=O)Cn1nc(-c2ccccc2)ccc1=O,2.7510000000000003
COc1ccc(-c2ccc(=O)n(CC(=O)N(C)C(C)Cc3ccccc3)n2)cc1,2.525
COc1ccc(CC(C)N(C)C(=O)Cn2nc(-c3ccccc3)ccc2=O)cc1OC,2.542
CC(C)N(C(=O)Cn1nc(-c2ccccc2)ccc1=O)C(C)Cc1ccccc1,2.33
OCC(O)CN1CCN(c2ccccc2)CC1,2.59
c1ccc(N2CCNCC2)cc1,2.888
O=C1C(O)=C(CC=C(Cl)Cl)C(=O)c2ccccc21,3.003
O=C1C=CC(=O)c2ccccc21,2.92
NC1=C(Cl)C(=O)c2ccccc2C1=O,2.184
CC1=CC(=O)c2c(O)cccc2C1=O,3.462
O=C1C=CC(=O)c2c(O)cccc21,3.192
O=C1C(Cl)=C(NC(=O)C(Cl)Cl)C(=O)c2ccccc21,1.435
O=C1C(Cl)=C(Cl)C(=O)c2ccccc21,3.152
O=C(NC(=O)c1c(F)cccc1F)Nc1ccc(Cl)cc1,1.826
Cc1ccc(N=c2sccn2C)c(C)c1,2.479
O=C(NP(=O)(N1CC1)N1CC1)c1cc(I)ccc1I,3.003
O=C(NP(=O)(N1CC1)N1CC1)c1ccccc1,3.701
CC(C)CCN1C(=O)c2ccccc2C1=O,1.793
CCOP(=S)(OCC)SCN1C(=O)c2ccccc2C1=O,3.905
COP(=S)(OC)SC(CBr)N1C(=O)c2ccccc2C1=O,3.339
COP(=S)(OC)SC(CCl)N1C(=O)c2ccccc2C1=O,3.66
COP(=S)(OC)SCN1C(=O)c2ccccc2C1=O,3.535
CC(C)COP(C)(=S)SCN1C(=O)c2ccccc2C1=O,3.968
CCOP(=O)(OCC)SCN1C(=O)c2ccccc2C1=O,4.476
CCP(=S)(OC(C)C)SCN1C(=O)c2ccccc2C1=O,4.5360000000000005
CCP(=S)(OC)SCN1C(=O)c2ccccc2C1=O,4.648
COP(C)(=S)SCN1C(=O)c2ccccc2C1=O,4.7010000000000005
CCP(=S)(OCC(C)C)SCN1C(=O)c2ccccc2C1=O,3.678
CCOP(=S)(CC)SCN1C(=O)c2ccccc2C1=O,4.372
CCOP(=S)(OC(C)C)ON1C(=O)c2ccccc2C1=O,3.12
CCOP(=S)(OC(C)C)SCN1C(=O)c2ccccc2C1=O,3.857
CCOP(=S)(OC)SCN1C(=O)c2ccccc2C1=O,3.821
CCCCN1C(=O)c2cccc([N+](=O)[O-])c2C1=O,2.087
CCCCN1C(=O)c2ccc([N+](=O)[O-])cc2C1=O,2.268
CCCOP(=S)(CC)SCN1C(=O)c2ccccc2C1=O,4.235
CCOP(=S)(OCC)N1C(=O)c2ccccc2C1=O,1.783
CCCOP(=S)(OC)SCN1C(=O)c2ccccc2C1=O,3.584
CCCOP(=S)(OCC)SCN1C(=O)c2ccccc2C1=O,3.857
CCC(C)N1C(=O)c2ccccc2C1=O,2.238
COP(=O)(OC)SCN1C(=O)c2ccccc2C1=O,3.78
O=C1c2ccccc2C(=O)N1SC(Cl)(Cl)Cl,1.595
COP(=S)(OC(C)C)SCN1C(=O)c2ccccc2C1=O,3.839
CCOP(=S)(OCC)SC(CBr)N1C(=O)c2ccccc2C1=O,4.386
CCOP(=S)(OCC)SC(CCl)N1C(=O)c2ccccc2C1=O,4.896
CN1C(=O)c2ccc([N+](=O)[O-])cc2C1=O,1.867
ClC(=NNc1c(Cl)cc(Cl)cc1Cl)c1ccccc1,2.668
COc1ccc2c(c1)OC(C)(C)C(c1ccccc1)=C2c1ccc(OCCO)cc1,2.906
C=CCOc1ccc(C2=C(c3ccccc3)C(C)(C)Oc3cc(OC)ccc32)cc1,2.901
CC(C)N1C(=O)N(c2ccccc2)CSC1=NC(C)(C)C,2.143
Cc1ccc2c(c1)CC(=O)c1cc(CC(=O)O)ccc1O2,2.937
Cc1ccc2c(c1)CC(=O)c1cc(C(C)C(=O)O)ccc1O2,3.304
CC(C(=O)OCCOCCO)c1ccc2c(c1)C(=O)Cc1ccccc1O2,3.154
CC(C(=O)O)c1ccc2c(c1)C(=O)Cc1ccccc1O2,3.425
Cc1ccc2c(c1)CC(=O)c1cc(C(C)C(=O)OCCOCCO)ccc1O2,3.244
N#CN=C1SCCN1Cc1ccc(Cl)nc1,2.755
CC12CCC3c4ccc(O)cc4CCC3C1CCC2OC(=O)COC(=O)CCCc1ccc(N(CCCl)CCCl)cc1,2.9560000000000004
C=CCC1CC(=O)OC1=O,2.117
CC(C)=CC1C(=O)OC(=O)C1(C=C(C)C)C=C(C)C,2.446
O=C1CCC(=O)O1,1.821
CCCCCCCCCC=CCC1CC(=O)OC1=O,2.019
CCOc1ccc(Cl)cc1C(CN1CCCCC1)C(C)CC,2.862
Cc1cc2c(C(C)C)c(O)c(O)c(C=O)c2c(O)c1-c1c(C)cc2c(C(C)C)c(O)c(O)c(C=O)c2c1O,2.35
Cc1c(-c2c(C)c(N)c3c(C(C)C)c(O)c(O)c(C=O)c3c2O)c(O)c2c(C=O)c(O)c(O)c(C(C)C)c2c1N,2.225
CN(C)CCC[N+]1([O-])c2ccccc2CCc2ccccc21,3.463
CC1CN(C2CCCCCCCCCCC2)CC(C)O1,2.027
C1CC2CC1C1SSSC21,2.802
CCc1nn(-c2ccc(F)cc2)c2c(=O)[nH]ccc12,2.8360000000000003
CCCCCCCCCCCCCCCCCCOP(=O)([O-])OCC[N+]1(C)CCCCC1,2.877
CC1CSC(c2ccccc2OC(=O)N(C)C)S1,3.306
CNC(=O)Oc1ccccc1C1SCCS1,3.4530000000000003
CN(C)C(=O)Oc1ccccc1C1SCCS1,4.226
ClC1=C(Cl)C2(Cl)C3C4C=CC(C4)C3C1(Cl)C2(Cl)Cl,3.971
COc1cc(N)c(Cl)cc1C(=O)NC1CCN(CCCOc2ccc(F)cc2)CC1OC,2.049
CN1CCN(CCCCCCCCNC(=O)Oc2ccc3c(c2)C2(C)CCN(C)C2N3C)CC1,4.231
CC(C)NC(=O)N1CC(=O)N(c2cc(Cl)cc(Cl)c2)C1=O,1.975
CC1(C)NC(=O)N(c2ccc([N+](=O)[O-])c(C(F)(F)F)c2)C1=O,3.2110000000000003
O=c1[nH]c2ccccc2n1C1CCN(CCCC(c2ccc(F)cc2)c2ccc(F)cc2)CC1,2.623
N=C(Nc1ccccc1)Nc1ccccc1,2.62
Cc1ccccc1NC(=N)Nc1ccccc1C,2.68
O=C(Nc1nc(C(F)(F)F)c(Cl)s1)c1cc(C(F)(F)F)cc(C(F)(F)F)c1,3.807
CN(C(=O)c1cc(C(F)(F)F)cc(C(F)(F)F)c1)c1nc(C(F)(F)F)c(Cl)s1,2.96
O=C1C=CC(=O)N1c1cccc(N2C(=O)C=CC2=O)c1,2.292
Cc1ccc(N2C(=O)C=CC2=O)cc1N1C(=O)C=CC1=O,2.07
O=C1C=CC(=O)N1c1c(F)c(F)c(F)c(N2C(=O)C=CC2=O)c1F,2.209
Cc1ccccc1OCC(O)CN(N=CNC(=O)c1ccccc1)C(C)C,2.1
CN(C)CCN(C)n1cc(-c2ccccc2)c2ccccc21,2.364
CC1(C)SC2C(NC(=O)C3(N)CCCCC3)C(=O)N2C1C(=O)O,1.833
CC(C)c1ccc2c(c1)CCC1C(C)(C(=O)O)CCCC21C,2.245
COc1ccc(C(=C(C#N)CCC(=O)O)c2ccc(OC)cc2)cc1,3.0
ClC(Cl)=C(c1ccc(Cl)cc1)c1ccccc1Cl,2.5580000000000003
ClC(Cl)=C(c1ccc(Cl)cc1)c1ccc(Cl)cc1,2.5580000000000003
ClC1=C(Cl)C2(Cl)C(Cl)=C(Cl)C3C1C(Cl)CC32,1.521
Cc1ccc(C(=O)c2ccc(CC(=O)N3CCN(C)CC3)n2C)cc1,2.531
S=c1scc(-c2ccccc2)n1N=Cc1ccccc1,1.472
Cc1cccc(C)c1N(C(=O)CCl)C1CCOC1=O,2.035
CC(C)C(=O)c1c(C(C)C)nn2ccccc12,2.235
OCCN1CCNCC1,1.423
O=NN1CCNCC1,1.707
CC1CNCCN1,1.693
CC(C)N1CCNCC1,1.656
CCN1CCNCC1,1.724
O=C(CCBr)N1CCN(C(=O)CCBr)CC1,3.209
CC1CNC(C)CN1,1.558
NCCN1CCNCC1,1.781
CN1CCN(N=O)CC1,3.111
C1CNCCN1,1.656
O=NN1CCN(N=O)CC1,2.955
CN1CCNCC1,1.5490000000000002
CN(C)CCN1CCN(C)CC1,2.081
OCCN1CCN(CCO)CC1,1.669
O=CNC(N1CCN(C(NC=O)C(Cl)(Cl)Cl)CC1)C(Cl)(Cl)Cl,1.86
CC(=O)C=C1CCC2C13CCC(C)C(C3)C2(C)C,1.676
CC(C)=CC(NC(=O)C1=C([O-])c2sc(Cl)cc2S(=O)(=O)N1C)[n+]1ccccc1,4.643
COc1ccc(C2=NCOCS2)cc1,2.366
c1ccc(C2=NCOCS2)cc1,2.441
CC1OCN=C(c2ccccc2)S1,2.47
CN1CCOC1=O,1.083
O=C1CCc2ccccc2O1,2.006
CC1=C(CC(=O)O)c2cc(F)ccc2C1=Cc1ccc(S(C)=O)cc1,3.13
Cc1ccc(C2=CCN(CCC(=O)c3ccc4c(c3)CCC(=O)N4)CC2)cc1,2.874
NC1=NC(=O)C(c2ccccc2)O1,2.6060000000000003
Nc1cc(-c2ccncc2)c[nH]c1=O,3.264
Cc1[nH]c(=O)c(C#N)cc1-c1ccncc1,3.366
Clc1ccc(CSc2ccc(Cl)cc2)cc1,2.129
Fc1ccc(SCc2ccc(Cl)cc2)cc1,1.926
O=C1CCc2cccc3c2N1CC3,2.732
CCC(c1ccccc1)c1c(O)c2ccccc2oc1=O,3.147
C=C(O)CC(c1ccccc1)c1c(O)c2ccccc2oc1=O,4.472
CCCC(c1ccc(CCCl)cc1)c1c(O)c2ccccc2oc1=O,4.297
CC(=O)CC(c1ccc(Cl)cc1)c1c(O)c2ccccc2oc1=O,3.263
CC(=O)CC(c1ccc([N+](=O)[O-])cc1)c1c(O)c2ccccc2oc1=O,2.838
CC(C)=CCC(CCN1CCOCC1)(C(N)=O)c1cccc2ccccc12,3.3160000000000003
ClC1=C(Cl)C2(Cl)C3CCC4C(CCC3C1(Cl)C2(Cl)Cl)C1(Cl)C(Cl)=C(Cl)C4(Cl)C1(Cl)Cl,1.4169999999999998
CCOc1ccccc1OCC1CNCCO1,2.074
CCCCCc1cc(O)c2c(c1)OC(C)(C)C1CCC(C)=CC21,2.674
CCCCOC(=O)c1ccccc1C(=O)OCCOCCOC(=O)c1ccccc1C(=O)OCCCC,1.67
O=C(OCCOCCOC(=O)c1ccccc1)c1ccccc1,2.046
CN=c1oc2ccccc2n1C,2.21
Cn1c(=N)oc2ccc(Cl)cc21,2.262
Oc1ccc(C(c2ccc(O)cc2)c2ccccn2)cc1,1.511
CC(=O)Oc1ccc(C(c2ccc(OC(C)=O)cc2)c2ccccn2)cc1,1.922
Cc1ccc2ccccc2n1,2.066
CNC(=O)Oc1cccc2ccc(C)nc12,3.256
CCOP(=S)(OCC)Oc1cc(C)nc2ccccc12,3.794
O=C(O)c1c(Cl)ccc2cc(Cl)cnc12,2.043
CCN(CC)CCCC(C)Nc1ccnc2cc(Cl)ccc12,2.986
Cc1ccc2ncccc2c1,2.056
CC(C)Cc1ccc2ccccc2n1,2.259
CCC(C)c1ccc2ncccc2c1,2.259
CC(C)(C)NCCC(O)c1cc(C(F)(F)F)nc2c(C(F)(F)F)cccc12,2.276
c1ccc2ncccc2c1,2.591
Cc1ccc2c(Cl)cc(Cl)c(O)c2n1,2.539
CCOP(C)(=S)Oc1ccc2ncccc2c1,4.728
O=[N+]([O-])c1ccc(O)c2ncccc12,2.572
BrC(Br)(Br)c1ccc2ccccc2n1,1.749
CCN(CC)CCNc1c(Cl)cc(C)c2ncccc12,2.511
CCC(C)CC(C)C=C(C)C1OC(c2c(O)c(C3C(O)C(O)C(O)C3O)cn(C)c2=O)CC=C1C,4.993
O=C1CCN(c2ccccc2)N1,2.909
CC1(CO)CN(c2ccccc2)NC1=O,2.562
CC1(C)CN(c2ccccc2)NC1=O,3.802
O=C(CCCCC(=O)OC1CCCCC1)OC1CCCCC1,1.288
Cc1nccnc1SCc1ccco1,2.314
O=C1c2ccccc2C(=O)N1SC1CCCCC1,2.002
CC(=O)NC1(O)C2(Cl)C3(Cl)C4(Cl)C(Cl)(Cl)C5(Cl)C3(Cl)C1(Cl)C5(Cl)C42Cl,3.594
CCOC(=O)CCC(=O)CC1(O)C2(Cl)C3(Cl)C4(Cl)C(Cl)(Cl)C5(Cl)C3(Cl)C1(Cl)C5(Cl)C42Cl,3.422
ClC1(Cl)C2(Cl)C3C4(Cl)C1(Cl)C1(Cl)C4(Cl)C(Cl)(Cl)C3(Cl)C21Cl,3.407
ClC1(Cl)C2(Cl)C3(Cl)C4(Cl)C(Cl)(Cl)C5(Cl)C3(Cl)C1(Cl)C5(Cl)C24Cl,3.366
OC(CCN1CCCCC1)(c1ccccc1)C1CC2C=CC1C2,2.6180000000000003
CC(C)Cn1nc(-c2ccccc2)c(-c2ccccc2)c1CC(=O)O,3.862
S=c1[nH]nc(NCNc2n[nH]c(=S)s2)s1,1.778
c1ccc2[nH]c(SN3CCCCC3)nc2c1,2.437
CC(C=CC=C(C)C(=O)OC1OC(COC2OC(CO)C(O)C(O)C2O)C(O)C(O)C1O)=CC=CC=C(C)C=CC=C(C)C(=O)OC1OC(COC2OC(CO)C(O)C(O)C2O)C(O)C(O)C1O,2.49
CC(=O)OCC(=O)C12OC(C)(C)OC1CC1C3CC(F)C4=CC(=O)C=CC4(C)C3(F)C(O)CC12C,4.548
O=c1nc[nH]c2c1ccn2C1OC(CO)C(O)C1O,4.012
CC1(C)CC(NC2CC(C)(C)NC(C)(C)C2)CC(C)(C)N1,2.135
COCC1OC(=O)c2coc3c2C1(C)C1=C(C3=O)C2CCC(=O)C2(C)CC1,4.122
C1CC2OC2C1OC1CCC2OC12,1.93
CC1CC(OC(=O)C(O)c2ccccc2)CC(C)(C)C1,1.743
CN(C)CC(=O)NN=Cc1c(-c2ccccc2)nc2sccn12,2.737
CC(C(=O)O)c1ccc2c(c1)Cc1cccnc1O2,3.632
Cc1nc([N+](=O)[O-])cn1-c1ccc([N+](=O)[O-])cc1,1.712
Cc1cn(-c2c(Cl)cccc2Cl)c(N)n1,2.986
C=C1CC(=CC)C(=O)OC2CCN3CC=C(COC(=O)C1(C)O)C23,3.636
CC(C)CCC(C)Nc1ccc(Nc2ccccc2)cc1,2.129
Nc1ccc(Nc2ccccc2)cc1,2.599
Oc1ccc(Nc2ccccc2)cc1,1.749
c1ccc(Nc2ccccc2)cc1,2.1790000000000003
CC(C)CC(C)Nc1ccc(Nc2ccccc2)cc1,1.875
O=C(O)Cc1ccccc1Nc1c(Cl)cccc1Cl,3.676
CCN(CC)CCSC(=O)N(c1ccccc1)c1ccccc1,2.948
Cc1c(Cl)cccc1Nc1ccccc1C(=O)O,3.0660000000000003
O=[N+]([O-])c1cc([N+](=O)[O-])c(Nc2cc(C(F)(F)F)ccc2Cl)c(C(F)(F)F)c1,3.66
CCCCOC(=O)c1ccccc1Nc1cccc(C(F)(F)F)c1,2.82
CC(C)Nc1ccc(Nc2ccccc2)cc1,2.497
CC(C)(C)c1cc([N+](=O)[O-])cc([N+](=O)[O-])c1Nc1ccc([N+](=O)[O-])cc1[N+](=O)[O-],5.307
O=[N+]([O-])c1ccc(Nc2ccc(O)cc2)c([N+](=O)[O-])c1,1.246
O=C(O)Cc1cc(O)ccc1Nc1c(Cl)cccc1Cl,2.339
O=C(O)Cc1ccccc1Nc1c(Cl)ccc(O)c1Cl,2.6060000000000003
O=[N+]([O-])c1cc([N+](=O)[O-])c(Nc2c(Br)cc(Br)cc2Br)c(C(F)(F)F)c1,5.105
O=C(O)Cc1cc(O)ccc1Nc1c(Cl)cc(O)cc1Cl,2.516
O=NN(c1ccccc1)c1ccccc1,1.899
Cc1ccc(Cl)c(Nc2ccccc2C(=O)O)c1Cl,3.472
O=C(O)c1ccccc1Nc1cccc(Cl)c1CO,2.063
Cc1c(Nc2ccccc2C(=O)O)ccc(O)c1Cl,2.177
O=C(O)Cc1ccccc1Nc1c(Cl)cc(O)cc1Cl,3.216
CN(c1ccc(Cl)cc1Br)c1c([N+](=O)[O-])cc([N+](=O)[O-])cc1C(F)(F)F,5.004
CN(c1ccc(Cl)cc1Cl)c1c([N+](=O)[O-])cc([N+](=O)[O-])cc1C(F)(F)F,4.96
CN(c1ccc(F)cc1F)c1c([N+](=O)[O-])cc([N+](=O)[O-])cc1C(F)(F)F,3.179
CN(c1c(Br)cc(Br)cc1Br)c1c([N+](=O)[O-])cc([N+](=O)[O-])cc1C(F)(F)F,5.461
COc1ccc(Nc2ccc(OC)cc2)cc1,1.968
Cc1cccc(Nc2ccccc2C(=O)O)c1C,2.513
O=C(O)COC(=O)Cc1ccccc1Nc1c(Cl)cccc1Cl,3.435
O=C(OCCOCCO)c1ccccc1Nc1cccc(C(F)(F)F)c1,3.102
O=NN(c1cccc(C(F)(F)F)c1)c1ccccc1C(=O)O,2.537
CCOCOC(=O)c1ccccc1Nc1c(Cl)ccc(C)c1Cl,3.062
O=C(O)c1ccccc1Nc1cccc(C(F)(F)F)c1,3.053
O=[N+]([O-])c1ccc(Nc2ccccc2)c(S(=O)(=O)O)c1,2.126
CCC1(c2ccccc2)CCC(=O)NC1=O,2.559
ON=CC(O)(C#Cc1ccccc1)c1ccccc1,1.4580000000000002
Nc1ncnc2c1ccn2C1OC(CO)C(O)C1O,4.221
Cc1c(COC(=O)C2C(C=C(Cl)C(F)(F)F)C2(C)C)cccc1-c1ccccc1,3.89
Cc1ccccc1COC1CC2(C(C)C)CCC1(C)O2,1.78
CNC(=O)ON=C1CS(=O)CCS1,4.257
CC1(C)C(C=C2CCSC2=O)C1C(=O)OCc1coc(Cc2ccccc2)c1,2.785
[O-][n+]1onc2c1c1no[n+]([O-])c1c1no[n+]([O-])c21,1.942
CC1=CC(=C2C(=O)c3ccccc3C2=O)C=CN1CCN1CCCCC1,2.951
CC1COC(Cn2cncn2)(c2ccc(Oc3ccc(Cl)cc3)cc2Cl)O1,2.447
CCCC(=O)OC1CCC(N2CCCCC2)CC1,2.123
CC(C)C(=O)OC1CCC(N2CCCCC2)CC1,1.905
CCCCC(=O)OC1CCC(N2CCCCC2)CC1,2.248
CC(C)CC(=O)OC1CCC(N2CCCCC2)CC1,2.245
CC(=O)OC1CCC(N2CCCCC2)CC1,2.063
CCC(=O)OC1CCC(N2CCCCC2)CC1,2.082
O=[N+]([O-])c1ccc(O)c(N=Nc2c(S(=O)(=O)O)cc3cc(S(=O)(=O)O)cc(Nc4nc(Cl)nc(Cl)n4)c3c2O)c1,1.841
O=S(=O)(O)c1cc(Nc2nc(Cl)nc(Cl)n2)c2c(O)c(N=Nc3ccccc3)c(S(=O)(=O)O)cc2c1,1.884
CNC(=O)Oc1cccc2sccc12,3.471
CCOC(=N)c1sc2ccccc2c1O,1.743
CN(C)C(=O)Oc1cccc2sccc12,3.813
CCCSP(C)(=S)Oc1cccc2sccc12,3.782
O=NN1CCCCO1,2.146
CCOC(=O)C1CC(=O)C(=C(O)C2CC2)C(=O)C1,1.753
CCOC(=O)c1ccc(NC(=O)Cc2ccc(C(=O)c3ccc(C)cc3)n2C)cc1,2.352
O=[N+]([O-])N1CN([N+](=O)[O-])CN([N+](=O)[O-])C1,3.347
OCCN1CN(CCO)CN(CCO)C1,2.458
CCN1CN(CC)CN(CC)C1,2.734
O=NN1CN(N=O)CN(N=O)C1,3.037
CN(C)CCCN1CN(CCCN(C)C)CN(CCCN(C)C)C1,2.023
C=CC(=O)N1CN(C(=O)C=C)CN(C(=O)C=C)C1,2.853
COC(=O)C1C2CC3c4[nH]c5cc(OC)ccc5c4CCN3CC2CC(O)C1OC,2.937
CN(C)c1ccc(C(O)(c2ccc(N(C)C)cc2)c2ccc(N(C)C)cc2)cc1,2.704
CCCCCCCCSC(=O)Oc1cc(Cl)nnc1-c1ccccc1,2.2840000000000003
OCCN(CCO)c1nc(N2CCCCC2)c2nc(N(CCO)CCO)nc(N3CCCCC3)c2n1,1.779
C1COC(OCC2CO2)C(OCC2CO2)O1,2.337
O=C(c1ccccc1)c1cccc2c1CCC2C(=O)O,3.812
Cc1ccc(C(=O)c2cccc3c2CCC3C(=O)O)cc1,3.06
N#CSCSc1nc2ccccc2s1,2.545
c1ccc2scnc2c1,2.463
Cc1ccc2sc(C)nc2c1,2.232
CNC(=O)Nc1nc2ccccc2s1,2.209
CC(=O)SCC(=O)Nc1nc2ccccc2s1,2.823
CCCCSc1nc2ccccc2s1,2.245
Nc1nc2ccc(OC(F)(F)F)cc2s1,3.716
COc1cc2nc(N)sc2cc1OC,2.256
CC(C)N(Sc1nc2ccccc2s1)C(C)C,1.71
CCN(CC)C(=S)Sc1nc2ccccc2s1,1.673
CN(CCn1cnc2c1c(=O)n(C)c(=O)n2C)c1ccccc1,2.037
CCN(CC)C(O)c1c(C)[nH]n(-c2ccccc2)c1=O,2.571
Cc1c(N(C)C)c(=O)n(-c2ccccc2)n1C,2.5860000000000003
Cc1c(C(C)C)c(=O)n(-c2ccccc2)n1C,2.428
Cc1c(N)c(=O)n(-c2ccccc2)n1C,2.0780000000000003
Cc1cc(=O)n(-c2ccccc2)n1C,2.043
Cc1c(I)c(=O)n(-c2ccccc2)n1C,2.1830000000000003
COCCNC(=O)c1nc2c(N)nc(-c3ccccc3)nc2nc1NCCOC,1.899
O=c1ccc2cc(CCCCN3CCN(c4ccccc4)CC3)ccc2[nH]1,2.859
CC1N=C(N)CC1c1ccccc1,2.6180000000000003
CCCCCC1=C(C)CCC1=O,1.823
CCCCCC1=CCCC1=O,1.84
CCC=CCC1=C(C)CCC1=O,1.517
O=C1C(Cl)=C(Cl)C(Cl)(Cl)C1(Cl)Cl,3.21
FC(F)(F)c1cccc(OCC2CNC(=S)O2)c1,2.724
C1CCc2nnnn2CC1,2.994
O=c1ccc2cc3ccoc3c(O)c2o1,2.624
COc1c2occc2cc2ccc(=O)oc12,2.437
CCN1CCC(=C(c2ccccc2)c2ccccc2)C1,2.767
COc1cc(C(=O)N2CCCCCCC2)cc(OC)c1OC,3.374
O=C1OC(=O)C2C1C1(Cl)C(Cl)=C(Cl)C2(Cl)C1(Cl)Cl,2.207
CCCOC(=O)C1=C(C)NC(C)=C(C(=O)OCCC)C1C1=COCCO1,2.262
COC(=O)C1=C(C)NC(C)=C(C(=O)OC)C1C1=COCCO1,2.189
CCOC(=O)C1=C(C)NC(C)=C(C(=O)OCC)C1C1=COCCO1,2.227
CC(C)(C)C(O)C(=Cc1ccc(Cl)cc1)n1cncn1,2.832
CC(C)(C)C(O)C(=Cc1ccc(Cl)cc1Cl)n1cncn1,2.838
Cn1c(=O)on(-c2ccc(Cl)c(Cl)c2)c1=O,2.526
CNC(=O)ON=C1C(Cl)C2CC(C#N)C1C2,3.985
CNC(=O)ON=C1C2CCC(C2)C1(C)[N+](=O)[O-],4.002
C#CCON=C1CC2CCC1(C)C2(C)C,2.166
CC(=C1CCOC(=O)S1)N(C=O)Cc1cnc(C)nc1N,1.608
COc1nccnc1NS(=O)(=O)c1ccc(N)cc1,2.01
CC(C(=O)O)c1ccc(N2CC3=C(CC=CC3)C2=O)cc1,2.9360000000000004
COc1c(C)c2c(c(O)c1CC=C(C)CCC(=O)O)C(=O)OC2,2.959
CCCCC1OC(=O)c2ccccc21,1.89
O=C1OCc2c(Cl)c(Cl)c(Cl)c(Cl)c21,1.133
CC(C)=CC1C(C(=O)OCc2coc(Cc3ccccc3)c2)C1(C)C,2.435
CC1(C)C(C(=O)OCc2coc(Cc3ccccc3)c2)C1(C)C,3.345
CCC=CC1C(C(=O)OCc2coc(Cc3ccccc3)c2)C1(C)C,2.6260000000000003
CCN(C(=O)c1cc(Cl)nc(Cl)c1)C1CC1,3.5210000000000004
CCCCCCCCCCCCCCCCCC1=NCCN1,1.988
CCCCCCCCCCCCCCCCCC1=NCCN1CCO,1.967
c1ccc(Sc2ccccc2)cc1,2.58
Oc1c(Cl)cc(Cl)cc1Sc1cc(Cl)cc(Cl)c1O,4.706
Oc1ccc(Sc2ccc(O)cc2)cc1,1.812
CC(C)(C)c1cc(Cl)cc(Sc2cc(Cl)cc(C(C)(C)C)c2O)c1O,1.816
O=[N+]([O-])c1ccc(Sc2ccc([N+](=O)[O-])cc2)cc1,2.268
Clc1cccc(Sc2ccccc2)c1,2.222
Cc1cc(Sc2cc(C)c(O)c(C(C)(C)C)c2)cc(C(C)(C)C)c1O,1.7519999999999998
Cc1cc(Cl)cc(Sc2cc(Cl)cc(C)c2O)c1O,5.385
CCCSP(=O)(OCC)Oc1ccc(Sc2ccc(Cl)cc2)cc1,2.766
COCC(=O)Nc1cc(Sc2ccccc2)ccc1N=C(NC(=O)OC)NC(=O)OC,1.624
Cc1cc(O)c(C(C)(C)C)cc1Sc1cc(C(C)(C)C)c(O)cc1C,2.184
Clc1ccc(Sc2cc(Cl)c(Cl)cc2Cl)cc1,1.913
Nc1ccc(Sc2ccc(N)cc2)cc1,2.381
COP(=S)(OC)Oc1ccc(Sc2ccc(OP(=S)(OC)OC)c(C)c2)cc1C,3.2960000000000003
Oc1cc(O)cc(Sc2cc(O)cc(O)c2)c1,1.766
COP(=S)(OC)Oc1ccc(Sc2ccc(OP(=S)(OC)OC)cc2)cc1,2.669
CCOP(=S)(Oc1cccc2cccnc12)c1ccccc1,3.342
COc1nc(C)nc(NC(=O)NS(=O)(=O)c2ccccc2Cl)n1,1.81
O=C(NC1CCN(CCc2c[nH]c3ccccc23)CC1)c1ccccc1,2.286
O=C(OC1CCC(N2CCCCC2)CC1)c1ccccc1,2.5660000000000003
O=C(OC1CCC(N2CCCCC2)CC1)c1ccc([N+](=O)[O-])cc1,2.01
COc1cc(C(=O)OC2CCC(N3CCCCC3)CC2)cc(OC)c1OC,2.764
Cc1nnc(C(CCN2CC3CCC2CC3)(c2ccccc2)c2ccccc2)o1,3.567
CCc1nc(N)nc(N)c1-c1ccccc1,3.2310000000000003
Cc1nc(N)nc(N)c1-c1ccc(Br)cc1,3.048
CCc1nc(N)nc(N)c1-c1ccc(Cl)cc1,2.752
CCCCC1C(=O)NN(c2ccccc2)C1=O,2.123
Cc1cccc(CN2CCN(C(c3ccccc3)c3ccc(Cl)cc3)CC2)c1,2.349
[O-][N+]1=NC2CC1C1C2C2(Cl)C(Cl)=C(Cl)C1(Cl)C2(Cl)Cl,5.136
C1=CCC(C2OCC3(CC=CCC3)CO2)CC1,1.655
CCNc1nc(=O)nc(NC(C)(C)C(=O)O)[nH]1,2.485
NS(=O)(=O)c1cc2c(cc1Cl)NC(CC1CCCC1)NS2(=O)=O,2.58
CN(C(=O)CN(CCO)CC(=O)N(C)C(C)(C)Cc1ccccc1)C(C)(C)Cc1ccccc1,2.873
COP(=S)(OC)SCN1C(=O)CCC1=O,4.585
CCC1(C)CC(=O)NC1=O,1.89
O=C1CCC(=O)N1,0.85
CC(C)(COCC1CO1)COCC1CO1,1.682
O=CC1C(=O)N(c2ccccc2)N=C1c1ccccc1,2.525
O=C1CN=C(c2ccccc2)c2c(sc3c2CCCC3)N1,2.171
O=c1c2cccnc2oc2c(Cl)cc(-c3nnn[nH]3)cc12,1.273
CCOP(=O)(OCC)SC1CS(=O)CC1Cl,4.144
CC#CCC(C)C(O)C=CC1C(O)CC2Oc3c(CCCC(=O)O)cccc3C21,4.521
c1ccc(P(C2CCCCC2)C2CCCCC2)cc1,2.525
Clc1ccc(CSC(Cn2cncn2)=Nc2ccc(Cl)cc2Cl)cc1,2.167
C=CCOc1ccccc1C(=O)NC1CCCCC1,2.335
O=C(C=Cc1ccccc1)OCc1ccccc1,1.634
COP(=O)(N=C1SCCN1C)SC,5.212999999999999
Cc1cccc(C)c1NC1=NCCCS1,3.229
CC(=O)C1=C(O)C2C3c4c[nH]c5cccc(c45)CC3C(C)(C)N2C1=O,3.971
OC1CC2CC1C1CC3OC3C21,1.725
Cc1cccc(C)c1Nc1ncccc1C(=O)O,5.023
O=C(O)c1cccnc1Nc1cccc(C(F)(F)F)c1,3.053
Cc1c(Cl)cccc1Nc1ncccc1C(=O)O,2.894
CSc1nc(-c2ccc(Cl)cc2)n(-c2ccc(Cl)cc2)n1,2.64
CS(=O)(=O)c1nc(-c2ccc(F)cc2)n(-c2ccc(Cl)cc2)n1,3.1660000000000004
CC(=O)OC1CC2(O)C(CCC3(C)C(c4ccc(=O)oc4)CCC32O)C2(C)CCC(O)C=C12,5.038
COc1ccc(Cc2cnc(N)nc2N)cc1OC,1.85
COCCOc1c(OC)cc(Cc2cnc(N)nc2N)cc1OC,2.455
COc1cc(Cc2cnc(N)nc2N)cc(OC)c1OC,3.162
COc1cc(Cc2cnc(N)nc2N)cc(OC)c1Br,2.13
COc1cc(Cc2cnc(N)nc2N)cc(OC)c1N(C)C,2.335
CC(C)C(O)(c1ccc(OC(F)(F)F)cc1)c1cncnc1,2.644
CCc1occc(=O)c1O,2.086
Cc1occc(=O)c1O,1.952
COc1coc(CSP(=O)(OC)OC)cc1=O,4.086
CNC(=O)ON=CC1(C)SCCS1,4.572
CNC(=O)ON=CC1(C)SCC(C)S1,5.37
CCOP(=O)(OCC)SCC1(C)SCCS1,4.033
CNC(=O)ON=CC1(C)SC(C)C(C)S1,4.997
CCOC(=O)c1cnn(C)c1-n1cnc2ccccc2c1=O,2.229
CCOC(=O)c1cnn(C)c1-n1c(CC)nc2ccccc2c1=O,2.252
S=C1NCCC(COc2ccccc2)O1,2.006
CN(C)CC(=O)NN=Cc1c(Cl)nc2sccn12,2.28
Cc1nc2sccn2c1C=NNC(=O)CN(C)C,2.248
O=C1NCCN1N=Cc1ccc([N+](=O)[O-])o1,2.125
c1ccc(CC2OCCO2)cc1,1.873
OCC1COC(Cc2ccccc2)O1,2.053
Cc1cc(=O)nc(C(C)C)[nH]1,1.751
CCCCc1c(C)[nH]c(N(C)C)nc1=O,1.95
CCCCc1c(C)[nH]c(NCC)nc1=O,1.719
CC(=O)OC1c2cccc(O)c2C(=O)c2c(O)cccc21,2.9130000000000003
CCCC(=O)C1c2cccc(O)c2C(=O)c2c(O)cccc21,2.273
CCC(=O)C1c2cccc(O)c2C(=O)c2c(O)cccc21,3.3110000000000004
O=C(O)CCc1nc(-c2ccccc2)c(-c2ccccc2)o1,1.817
Cc1cccc(N2CCN(CCCCN3C(=O)CNC3=O)CC2)c1,2.9360000000000004
O=C1CN(N=Cc2ccc([N+](=O)[O-])o2)C(=O)N1,2.596
CC=C(C)C(=O)OC1C(OC(C)=O)C2(CO)C(O)CC3(C)C(=CCC4C5(C)CCC(OC6OC(C(=O)O)C(OC7OC(CO)C(O)C(O)C7O)C(O)C6OC6OC(CO)C(O)C(O)C6O)C(C)(CO)C5CCC43C)C2CC1(C)C,3.196
CCCc1c(OCCCCc2nnn[nH]2)ccc(C(C)=O)c1O,2.69
O=C1c2ccccc2C(=O)N1CC1CO1,1.636
CCN1CCCC(Nc2cc(C)nc(NC(=N)Nc3ccc(Cl)c(Cl)c3)n2)C1,2.608
COP(=S)(OC)SC1CSC=CO1,3.412
OC(c1ccc(Cl)cc1)(c1cncnc1)c1ccccc1Cl,2.122
OC(c1ccc(F)cc1)(c1cncnc1)c1ccccc1Cl,2.401
OC(c1ccccc1)(c1cncnc1)c1ccc(Cl)cc1Cl,2.742
c1cc[n+]2c(c1)-c1cccc[n+]1CC2,2.902
O=C(O)C1CSC(c2ccccc2O)N1C(=O)CCS,1.578
CCN1CCCC1CNC(=O)c1cc(Cl)cc(Cl)c1OCc1ccccc1,2.85
C1CCNC1,2.375
CC1CN(CCO)CC1C,2.066
CC(CS)C(=O)N1CCCC1C(=O)O,1.709
O=NN1CCCC1,2.046
CNC(=O)ON=C(C)SCC(=O)N1CCCC1,4.023
CCOC(=O)C1CCCN1N=O,1.537
CN(C)C1C(O)=C(C(N)=O)C(=O)C2(O)C(O)=C3C(=O)c4c(O)cccc4C(C)(O)C3C(O)C12,1.982
c1ccc(-c2cccc(-c3ccccc3)c2)cc1,1.982
O=C(OCC1CO1)c1cccc(C(=O)OCC2CO2)c1,2.444
CN1C(=O)C2(Cc3cn(C45CC67SSC(CO)(C(=O)N6C4Nc4ccccc45)N(C)C7=O)c4ccccc34)SSC1(CO)C(=O)N2C,3.977
C=CCNc1nc(NCC=C)nc(N(CCCCCCN(c2nc(NCC=C)nc(NCC=C)n2)C2CC(C)(C)NC(C)(C)C2)C2CC(C)(C)NC(C)(C)C2)n1,2.285
CCCCC(Cc1cc(C(C)(C)C)c(O)c(C(C)(C)C)c1)(C(=O)OC1CC(C)(C)N(C)C(C)(C)C1)C(=O)OC1CC(C)(C)N(C)C(C)(C)C1,2.66
Cc1cc(OC(=O)N(C)C)n(-c2ccccc2)n1,3.597
CCCSP(=O)(OCC)Oc1cnn(-c2ccc(Cl)cc2)c1,3.1830000000000003
Cc1cc(N)n(-c2ccccc2)n1,1.841
N#Cc1nn(-c2c(Cl)cc(C(F)(F)F)cc2Cl)c(N)c1S(=O)(=O)C(F)(F)F,3.391
COc1cc(C(=O)N(C)C)nn1-c1cccc(Cl)c1,2.549
CNC(=O)c1cc(OC)n(-c2cccc(Cl)c2)n1,2.237
C1CCC2OC2C1,1.954
C=CC1CCC2OC2C1,1.793
CC(C)C1CCC(C)C2OC12,1.348
CO[Si](CCC1CCC2OC2C1)(OC)OC,1.3019999999999998
C=CCOC(=O)C1CC2OC2CC1C,2.594
CC(=O)OCC1CC2OC2CC1C,1.281
N#CC1CCC2OC2C1,2.001
N#CCCC1CN2CCc3cc4c(cc3C2CC1=O)OCO4,2.326
CC1=C(C(=O)Nc2ccccc2)CCCO1,1.161
CC(c1ccc(Cl)c(Cl)c1)N1N=C(N)CC1=O,2.242
O=C1C=Cc2cc(Br)ccc2C1=O,1.784
CCOCCc1ccc(OCCNc2ncnc(CC)c2Cl)c(C)c1C,3.517
CC(C(=O)O)c1ccc2c(c1)[nH]c1ccc(Cl)cc12,3.568
Nc1ncnc(Nc2cccc(Cl)c2)n1,2.744
Clc1nc(Cl)nc(Nc2ccccc2Cl)n1,2.009
C#CCc1ccc(COC(=O)C2C(C=C(C)C)C2(C)C)o1,1.457
CCOC(=O)C(C)Oc1ccc(Oc2nc3ccc(Cl)cc3s2)cc1,2.62
COc1ccccc1OCC(O)COC(=O)c1cccnc1,1.595
CC[N+]1(C)CCCC(OC(=O)C([O-])(c2ccccc2)c2ccccc2)C1,2.619
O=C(O)CC(O)c1ccc(-c2ccc(Cl)cc2)o1,2.035
NC(=O)C1(N2CCCCC2)CCN(CCCN2c3ccccc3CCc3ccccc32)CC1,2.639
COc1ccc(OC)c(Cc2cnc3nc(N)nc(N)c3c2C)c1,2.445
CC(=O)OCC12CC(O)C(C)=CC1OC1C(O)C(O)C2(C)C12CO2,3.973
CC1=CC2OC3C(O)C(O)C(C)(C2(CO)CC1O)C31CO1,3.908
CC(=O)OCC12CC(OC(=O)CC(C)C)C(C)=CC1OC1C(O)C(OC(C)=O)C2(C)C12CO2,5.238
CC(=O)OCC12CCC(C)=CC1OC1C(O)C(OC(C)=O)C2(C)C12CO2,4.718999999999999
CNC1C(OC2C(OC3C(O)C(O)C(NC(=N)N)C(O)C3NC(=N)N)OC(C)C2(O)C=O)OC(CO)C(O)C1O,1.81
Nc1ncc(C=Cc2ccc([N+](=O)[O-])o2)nn1,2.97
O=c1c2ccccc2nc2n1OCC2,2.678
CC1COn2c1nc1ccccc1c2=O,2.422
CCn1cc(C(=O)O)c(=O)c2cc(F)c(N3CCNC(C)C3)c(F)c21,1.966
O=P1(N(CCCl)CCCl)OCCCN1CCCl,3.205
O=P1(NCCCl)OCCCN1CCCl,3.261
Cc1nc(C)c(C(=O)Nc2ccccc2)s1,1.7719999999999998
Cc1nc(N)sc1C(=O)Nc1ccccc1,2.219
CC1CCCCOC1=O,1.133
O=C1CCCCCO1,1.425
O=C1OCCO1,0.945
CC1COC(=O)O1,0.547
O=C1OCC(CCl)O1,3.232
C1OCC(COCC2COCO2)O1,1.568
CNC(=O)Oc1ccccc1C1OCCCO1,3.2230000000000003
O=C1CCOc2ccccc21,1.7480000000000002
c1cc(-c2ccncc2)ccn1,2.958
CC(C)(C)NC(=O)C1CCC2C3CCC4NC(=O)C=CC4(C)C3CCC12C,2.95
CC[Si]1(CC)N[Si](CC)(CC)N[Si](CC)(CC)N1,2.199
C[Si]1(C)N[Si](C)(C)N[Si](C)(C)N1,2.642
CC=Cc1ccc(OCc2ccccc2)c(OC)c1,1.715
CCN(CC)CCNC(=O)c1cc(Cl)cc(Cl)c1OCc1ccccc1,2.7910000000000004
O=C(O)Cc1ccc(OCc2ccccc2)c(Cl)c1,1.992
CNCCC(Oc1ccc(C(F)(F)F)cc1)c1ccccc1,2.574
CCN(CC)CCNC(=O)c1cc(Cl)c(N)cc1OCc1ccccc1,3.233
Cc1ccc(S(=O)(=O)NC(=O)NN2CC3CCCC3C2)cc1,1.811
COc1ccc(C(=O)NCc2cccnc2)cc1C(=O)NCc1cccnc1,2.099
CC1COc2c(N3CCN(C)CC3)c(F)cc3c(=O)c(C(=O)O)cn1c23,2.003
CCSc1nc(=O)n(CC(C)(C)C)c(=O)n1N,1.868
Clc1ccc(C(OCCN2CCCCC2)c2ccccc2)cc1,2.152
NCC1CCC=CO1,2.0540000000000003
COC1CCC=CO1,1.908
CCOC1CC(C)C=CO1,1.621
CCOC1CCC=CO1,1.318
O=CC1CCC=CO1,1.358
CC1=COC(C)(C=O)CC1,1.756
CNC(=O)Oc1ccccc1C1OCCS1,3.631
CCOc1ccccc1OCC(O)CNCCNCC(O)COc1ccccc1OCC,2.904
CC(C)=CCC(CCN1CCCCC1)(C(N)=O)c1cccc2ccccc12,3.806
S=P(N1CC1)(N1CC1)N1CC1,3.915
c1ccc(COCc2ccccc2)cc1,1.899
CC(OC(C)c1ccccc1)c1ccccc1,1.3630000000000002
CC1(C)CC1CC1C(=O)N(c2ccccc2)N(c2ccccc2)C1=O,2.6210000000000004
COP(=S)(OC)SC(C)N1CC(=O)C(=O)C1,4.704
CCC(C)=C1C(=O)N(c2ccccc2)N(c2ccccc2)C1=O,2.181
CC(C)=C1C(=O)N(c2ccccc2)N(c2ccccc2)C1=O,2.357
COC1=C(OC)C(=O)C(CCCCCCCCCCO)=C(C)C1=O,1.529
O=C1C=CC(=O)C=C1,2.92
O=C1C(Cl)=C(Cl)C(=O)C(Cl)=C1Cl,1.789
CC1=CC(=O)C(C)=C(C)C1=O,2.8760000000000003
CSC(C)=NOC(=O)N(C)SN(C1CCCCC1)P1(=S)OCC(C)(C)CO1,1.755
O=CN(c1ncnc2c1ncn2C1CC1)C1CC1,3.143
c1nc(NC2CC2)c2ncn(C3CC3)c2n1,3.219
CC1=CC(C)(C)CC(=O)C1,1.671
O=C(NC(CCc1ccc2c(c1)OCO2)CCc1ccc2c(c1)OCO2)c1ccc(Cl)cc1,2.4130000000000003
C[Si]1(C)N[Si](C)(C)N[Si](C)(C)N[Si](C)(C)N1,3.466
O=C(Nc1ccc(Cl)cc1)c1cc(Cl)cc(-c2ccc(Cl)cc2)c1O,2.145
Cc1cc(F)ccc1NC(=O)c1cc(Cl)cc(-c2ccc(Cl)cc2)c1O,2.192
O=C(Nc1cc(Cl)ccc1Cl)c1cc(Cl)cc(-c2ccccc2)c1O,1.794
COc1ccc(CCNCC(O)c2ccc(O)cc2)cc1OC,1.53
COc1ccc(C(=O)N2CCCC2=O)cc1,1.6880000000000002
O=S1(=O)CCCCO1,2.435
O=C1CN2CCOC2(c2ccccc2F)c2cc(Br)ccc2N1,2.121
O=C1CN2CCOC2(c2ccccc2Cl)c2cc(Cl)ccc2N1,2.293
CC1COC2(c3ccccc3Cl)c3cc(Cl)ccc3NC(=O)CN12,1.907
CC1(C(=O)O)CCC2(C)CCC3(C)C(=CC(=O)C4C5(C)CCC(OC(=O)CCC(=O)O)C(C)(C)C5CCC43C)C2C1,2.367
O=C1CCC(=O)N1c1cc(Cl)cc(Cl)c1,2.438
C1CC(C2CO2)OCC1C1CO1,2.009
CN(CCO)Cc1cc(C(=O)c2cccs2)cc(C(C)(C)C)c1O,2.541
CC(C(=O)O)c1ccc(C(=O)c2cccs2)cc1,3.567
CC(C)(C)c1cc(C(=O)c2cccs2)cc(C(C)(C)C)c1O,2.291
CC(C(=O)O)c1ccc(C(=O)c2ccccc2)s1,3.158
c1cc2ccc3cccc4ccc(c1)c2c34,1.875
Nc1ccc2ccc3cccc4ccc1c2c34,2.3080000000000003
Cc1nc(NCc2ccccc2)c2cc[nH]c2n1,3.474
C=CCCCOC(=O)C(CC)N(Cc1ccco1)C(=O)n1ccnc1,2.547
O=C(Nc1cc(F)ccc1F)NC1CC1,3.145
COC1(C)CC(c2ccccc2)c2c(c3ccccc3oc2=O)O1,1.906
CCON=C(CC)C1=C(O)CC(c2c(C)cc(C)cc2C)CC1=O,2.547
CCOC(=O)C(CCc1ccccc1)NC(C)C(=O)N1C(C(=O)O)CC2CCCCC21,2.236
OCC1OC(n2cnc3c(NCC(c4ccccc4)c4ccccc4)ncnc32)C(O)C1O,3.431
COC(=O)C(C)N(C(=O)Cc1ccccc1)c1c(C)cccc1C,1.889
CC1CN(C(=O)Cn2c(=O)sc3ccccc32)CC(C)O1,2.282
c1ccc(N2CCOCC2)cc1,2.244
O=C(c1ccc(Cl)cc1)n1cc(Cc2nnn[nH]2)c2ccccc21,2.449
O=C(CN1CCOCC1)NN=Cc1ccc([N+](=O)[O-])o1,2.827
O=S1OCC2C(CO1)C1(Cl)C(Cl)=C(Cl)C2(Cl)C1(Cl)Cl,4.354
CCC1(c2ccccc2)CCNC1=O,2.281
CN1CCC(N(Cc2cccs2)c2ccccc2)CC1,2.432
CCCCOC(=O)c1ccc(-n2nc(OCc3ccccc3)c3ccccc32)cc1,2.302
c1ccc(P(N=P(c2ccccc2)(c2ccccc2)c2ccccc2)c2ccccc2)cc1,1.853
NS(=O)(=O)c1cc2c(cc1Cl)NCNS2(=O)=O,2.035
NS(=O)(=O)c1cc2c(cc1Cl)NC(C(Cl)Cl)NS2(=O)=O,1.832
O=c1oc2ccccc2c(O)c1C(CC(O)c1ccc(-c2ccc(Br)cc2)cc1)c1ccccc1,6.032
O=C(Nc1cccc(Cl)c1)OCC#CCOC(=O)Nc1cccc(Cl)c1,2.286
N=C(Nc1c([N+](=O)[O-])cnc2ccccc12)N1CCOCC1,1.877
CC1C2Cc3ccc(O)cc3C1(C)CCN2CCc1ccccc1,3.553
CC(C)(C(=O)c1cccnc1)c1cccnc1,2.638
N#CC(OC1OC(COC2OC(CO)C(O)C(O)C2O)C(O)C(O)C1O)c1ccccc1,2.943
CC1=CCC(=O)O1,1.401
Cc1ccc(N=CN(C)SN(C)C=Nc2ccc(C)cc2C)c(C)c1,3.073
c1ccc(CNc2[nH]cnc3ncnc2-3)cc1,2.025
CCC(=O)C1(N2CCCCC2)CCN(CCCC(=O)c2ccc(F)cc2)CC1,2.697
NC(=O)C1(N2CCCCC2)CCN(CCCC(=O)c2ccc(F)cc2)CC1,3.37
CCC(C(=O)c1ccc2[nH]c(=O)ccc2c1)N1CCN(c2cccc(Cl)c2)CC1,2.914
CC12CC=CCC1C(=O)OC2=O,1.843
O=C1OC(=O)C2CC(Cl)=CCC12,1.741
C(=NC(N=Cc1ccco1)c1ccco1)c1ccco1,2.827
CSc1nnc(C2(C)CC2(Cl)Cl)c(=O)n1N,2.365
SCCc1cnccn1,2.948
Cc1nccnc1C,2.247
CCc1ncc(C)nc1C,2.475
CSCc1cnccn1,1.814
Cc1cnc(C)c(C)n1,2.181
CCc1nccnc1C,2.309
SCc1cnccn1,1.871
CCc1cnc(C)cn1,2.133
Cc1cnc(C)cn1,2.025
Cc1cncc(C)n1,2.09
CCOP(=S)(OCC)Oc1cnccn1,4.851
Cc1cnccn1,1.7180000000000002
Cc1nc(C)c(C)nc1C,1.853
C=CCN(C1=NCCN1)c1c(Cl)cccc1Cl,2.733
O=c1nn[nH]c2ccccc12,2.393
COP(=S)(OC)SCn1nnc2ccccc2c1=O,4.656000000000001
CCOP(=S)(OCC)SCn1nnc2ccccc2c1=O,4.6930000000000005
COc1ccc2c(c1)c(CC(=O)Oc1ccccc1Cl)c(C)n2C(=O)c1ccc(Cl)cc1,3.489
COc1ccc2c(c1)c(CC(=O)Oc1cccc(Cl)c1)c(C)n2C(=O)c1ccc(Cl)cc1,3.139
COc1ccc2c(c1)c(CC(=O)Oc1cccc(C(F)(F)F)c1)c(C)n2C(=O)c1ccc(Cl)cc1,3.213
COc1ccc2c(c1)c(CC(=O)Oc1cccc(C)c1)c(C)n2C(=O)c1ccc(Cl)cc1,3.66
COc1ccc2c(c1)c(CC(=O)Oc1ccccc1C(=O)O)c(C)n2C(=O)c1ccc(Cl)cc1,3.905
COc1ccc2c(c1)c(CC(=O)Oc1ccc(NC(C)=O)cc1)c(C)n2C(=O)c1ccc(Cl)cc1,2.7430000000000003
CCCCCCCCCCCCCN1CC(C)OC(C)C1,2.661
COP(=S)(OC)SCC(=O)N1CCOCC1,3.177
CSC(C)=NOC(=O)N(C)SN1CCOCC1,3.425
CSC(C)(C)C=NOC(=O)N(C)SN1CCOCC1,5.409
N#CCN1CCOCC1,2.011
CCN1CCOCC1,1.811
CN(C)C(=S)SCN1CCOCC1,2.167
CC1CNCC(C)O1,1.61
O=CN1CCOCC1,1.248
COP(=O)(OC)N1CCOCC1,1.519
CC(=O)N1CCOCC1,1.324
NCCCN1CCOCC1,1.608
NCCN1CCOCC1,1.6369999999999998
CCCCN1CCOCC1,2.627
CN1CCOCC1,1.713
O=NN1CCOCC1,2.615
OCCN1CCOCC1,1.039
O=CNC(N1CCOCC1)C(Cl)(Cl)Cl,2.422
C1COCCN1,1.919
CC(C#N)N1CCOCC1,3.207
OCC1OC(OC2(CO)OC(CO)C(O)C2O)C(O)C(O)C1O,1.062
O=C(OCc1ccccc1)c1sc(Cl)nc1C(F)(F)F,1.808
CN(C)c1nc(=O)n(C2CCCCC2)c(=O)n1C,2.174
COc1ccccc1NC(=O)CC(=O)c1ccccc1,2.226
CCC(=O)n1c(=O)n(C2CCN(CCC(C#N)(c3ccccc3)c3ccccc3)CC2)c2ccccc21,3.543
Cc1oncc1C(=O)Nc1ccc(C(F)(F)F)cc1,3.0610000000000004
O=P(CCn1c(Cc2ccccc2)nc2ccccc21)(OCCCl)OCCCl,1.852
CC1(C)C(C=C(Cl)Cl)C1C(=O)OC(C#N)c1cccc(Oc2ccccc2)n1,2.958
CC1CC2OC2CC1COC(=O)C1CC2OC2CC1C,1.7719999999999998
O=C(OCC1CCC2OC2C1)C1CCC2OC2C1,1.75
CC1OC(OC2C(O)C(O)C(O)C(O)C2O)C(N)CC1NC(=N)C(=O)O,1.5219999999999998
CCCCOC(=O)c1ccc(-n2nc(OCCN3CCCCC3)c3ccccc32)cc1,2.324
CC1=CC(=O)N2CC(=O)N(C)c3ccc(Cl)cc3C2(c2ccccc2)O1,1.868
c1ccc(-c2nnn[nH]2)cc1,1.886
COc1cc(S(C)=O)ccc1-c1nc2ncccc2[nH]1,2.96
CCOP(=O)(OCC)Oc1cc(C)oc(=O)c1,4.895
c1ccc2cnccc2c1,2.555
O=C(O)c1cc(-n2c(-c3ccccc3)cc3c2CCc2ccccc2-3)ccc1O,2.928
CC(C)(C)c1ccc(C(O)CCCN2CCC(C(O)(c3ccccc3)c3ccccc3)CC2)cc1,1.975
CCC(C(=O)N1CCCC1C)(c1ccccc1)c1ccccc1,2.975
O=c1[nH]c(=O)n(C2CC(O)C(CO)O2)cc1Br,1.5630000000000002
O=c1[nH]c(=O)n(C2CC(O)C(CO)O2)cc1F,3.059
NC(=O)OCC(O)C(O)C(N)C(=O)NC(C(=O)O)C1OC(n2cc(CO)c(=O)[nH]c2=O)C(O)C1O,1.539
O=c1[nH]c(=O)n(C2CCCO2)cc1F,2.333
CC1OC(n2cc(F)c(=O)[nH]c2=O)C(O)C1O,1.861
O=C(O)CCC1(Cc2ccccc2)CCCCC1=O,2.114
CCN(Cc1c(F)cccc1Cl)c1c([N+](=O)[O-])cc(C(F)(F)F)cc1[N+](=O)[O-],2.134
O=C1OC(=O)c2ccc3c4c(ccc1c24)C(=O)OC3=O,1.5590000000000002
O=P(N1CC1)(N1CC1)N1CC1,3.67
CC1CN1P(=O)(N1CC1C)N1CC1C,3.199
Cc1oncc1C(=O)N1CCCCC1,2.195
C1CSCCS1,1.638
CC1Cc2cc3c(cc2C(c2ccc(N)cc2)=NN1)OCO3,2.926
CCCc1cc(=O)[nH]c(=S)[nH]1,1.934
Cc1cc(=O)[nH]c(=S)[nH]1,1.707
CCOC(=O)C1(CCCCCCOc2ccc(Cl)cc2)CO1,3.116
C1CN(SSN2CCOCC2)CCO1,1.74
O=C(O)Cn1c(=O)n(Cc2ccc(Br)cc2F)c(=O)c2ccc(F)cc21,2.297
O=C(O)Cn1c(=O)n(Cc2ccc(Br)cc2F)c(=O)c2ccc(Cl)cc21,2.017
C1C[SiH2]C1,1.671
OCC1OC(n2cnc3c(=S)[nH]cnc32)C(O)C1O,2.5
C=CCSC1=NCCS1,3.161
FC(F)(F)C(=NOCC1OCCO1)c1ccc(Cl)cc1,2.665
N#CC(=NOCC1OCCO1)c1ccccc1,1.6669999999999998
CSc1nnc(C(C)(C)C)c(=O)n1N,2.29
CCSc1nnc(C(C)(C)C)c(=O)n1N,2.5810000000000004
c1ccc2sc(SN3CCOCC3)nc2c1,2.105
COc1cc(C2NC(=O)CCS2)cc(OC)c1OC,1.72
CC(C)(C)c1ccc(CCOc2ncnc3ccccc23)cc1,3.353
CC1=CC(C)(C)Nc2ccc(Cc3ccc4c(c3)C(C)=CC(C)(C)N4)cc21,1.856
CC1(O)CCC2CC1C2(C)C,1.876
ClC1=C(Cl)C2(Cl)C3C(Cl)OC(Cl)C3C1(Cl)C2(Cl)Cl,4.933
OC1OCC2C1C1(Cl)C(Cl)=C(Cl)C2(Cl)C1(Cl)Cl,2.312
CCCOCC(=Nc1ccc(Cl)cc1C(F)(F)F)n1ccnc1,2.684
O=[N+]([O-])c1cc2c(ccc3ccccc32)o1,2.6860000000000004
CN1C(C(=O)Nc2ccccn2)=C(OC(=O)C23CC4CC(CC(C4)C2)C3)c2sc(Cl)cc2S1(=O)=O,3.728
CCCCCCC1=CC(=O)CC(c2ccc3c(c2)OCO3)C1,1.7619999999999998
O=C1OC(c2cc(I)c(O)c(I)c2)(c2cc(I)c(O)c(I)c2)c2ccccc21,2.468
O=C1OC(c2ccc(O)cc2)(c2ccc(O)cc2)c2c(I)c(I)c(I)c(I)c21,2.468
C#CCOS(=O)OC1CCCCC1Oc1ccc(C(C)(C)C)cc1,2.374
FC1(F)CC(C2CC3(Cl)C(Cl)=C(Cl)C2(Cl)C3(Cl)Cl)C1(F)F,2.89
ClC1=C(Cl)C2(Cl)C3C(Cl)C=CC3C1(Cl)C2(Cl)Cl,3.97
ClC1=C(Cl)C2(Cl)C3C(Br)C=CC3C1(Cl)C2(Cl)Cl,2.604
C=CC(=O)OC1C=CC2C3C=CC(C3)C12,1.265
OC1C=CC2C1C1(Cl)C(Cl)=C(Cl)C2(Cl)C1(Cl)Cl,2.17
C1=CC2C3C=CC(C3)C2C1,2.573
ClC1=C(Cl)C2C(C1)C1(Cl)C(Cl)=C(Cl)C2(Cl)C1(Cl)Cl,3.159
S=c1[nH]n(-c2ccccc2)c(=S)s1,2.472
O=CN1CCCCC1,2.106
O=NN(CCCl)C(=O)NCCS(=O)(=O)N1CCCCC1,3.417
CC1CCCCN1N=O,2.33
C=C(C)C(=O)OCCN1CCCCC1,1.747
CCCOP(=S)(OCCC)SCC(=O)N1CCCCC1C,3.0380000000000003
CCC1CCC(C)NC1,2.372
C1CCNCC1,2.3280000000000003
CC1(C)CC(N)CC(C)(C)N1,2.237
O=NN1CCCCC1,2.756
OCCN1CCCCC1,1.936
CCCCn1cnnc1,3.399
Nn1cnnc1,0.7909999999999999
CCC(C)(C)c1ccc2c(c1)C(=O)c1ccccc1C2=O,2.24
Nc1ccc(N)c2c1C(=O)c1ccccc1C2=O,1.614
Nc1ccc(O)c2c1C(=O)c1c(N)c(Br)cc(O)c1C2=O,1.446
COc1cc(N)c2c(c1N)C(=O)c1ccccc1C2=O,2.479
O=C1c2ccccc2C(=O)c2c1ccc(C(=O)O)c2[N+](=O)[O-],2.172
O=C1c2cccc(S(=O)(=O)O)c2C(=O)c2cccc(S(=O)(=O)O)c21,2.194
CCc1ccc2c(c1)C(=O)c1ccccc1C2=O,1.927
O=C1c2cccc(S(=O)(=O)O)c2C(=O)c2c1cccc2S(=O)(=O)O,2.294
CNc1ccc(N)c2c1C(=O)c1ccccc1C2=O,1.703
CCCCN(CCN(CCCC)C(=O)N1CCOCC1)C(=O)N1CCOCC1,3.169
CC1=NOC(=O)C1=NNc1ccccc1Cl,3.276
CCSC(C)CC1CC(=O)C(C(CC)=NOCC=CCl)=C(O)C1,2.423
CN(C)C(=O)OC1=CC(=O)CC(C)(C)C1,3.2460000000000004
CC1=CC(=O)C(C(C)C)CC1,1.793
O=C1C=CCCC1,2.64
CCCC(=NOCC)C1=C(O)CC(CC(C)SCC)CC1=O,2.01
C=C(C)C1CC=C(C)C(=O)C1,4.607
CC1=CC(=O)CC(C)(C)C1,1.869
CC(=O)C1CCC2C3CCC4CC(O)CCC4(C)C3C(=O)CC12C,3.049
CCN(CC)C(=O)NC1CC2c3cccc4[nH]cc(c34)CC2N(C)C1,3.532
CN1CC(CC(C#N)C(N)=O)CC2c3cccc4[nH]cc(c34)CC21,2.508
COc1ccc2c3c1OC1C(O)C=CC4C(C2)[N+](C)([O-])CCC341,2.295
Cc1c2ccccc2c(C)c2c1ccc1ccccc12,2.894
C1CN2CCN1CC2,1.819
O=C(NC1CC1)OCC(O)C1COc2ccccc2O1,2.27
COP(=O)(OC1CCCCC1)Sc1ccc(Cl)cc1,3.302
CCC1OC(=O)C(C)C(OC2CC(C)(OC)C(O)C(C)O2)C(C)C(OC2OC(C)CC(N(C)C)C2O)C(C)(O)CC(C)C(=O)C(C)C2OC(=O)OC12C,2.117
CC(C)c1noc2nc(C(C)(C)C)ncc12,1.153
CN1CCN(C2=Nc3ccccc3Oc3ccc(Cl)cc32)CC1,3.337
Clc1ccc2c(c1)C(N1CCNCC1)=Nc1ccccc1O2,3.0010000000000003
O=C(O)C(O)(c1ccccc1)C1CCCCC1,1.944
c1ccc(NC[Si]23OCCN(CCO2)CCO3)cc1,5.932
O=C(NN1CCCC1)NS(=O)(=O)c1ccc(Cl)cc1,1.87
C1CNCCNC1,1.5490000000000002
O=C1NC(=O)C2(c3ccc(Cl)cc3)CC12,2.155
c1ccc(-c2ccc(CCOc3ncnc4ccccc34)cc2)cc1,2.4530000000000003
CCCCCCCCCCCCCCCCCC1=NC(C)(C)CC(C)N1,2.869
O=C(OCC(O)C1COc2ccccc2O1)N1CCOCC1,2.314
CC1C(=O)OC2CCN3CC=C(COC(=O)C(C)(O)C1(C)O)C23,3.693
c1ccc2sc(SN(C3CCCCC3)C3CCCCC3)nc2c1,1.732
CC1(C)SCN(C(=O)C2(Oc3ccc(Cl)cc3)CCCCC2)C1C(=O)O,1.961
CP(=O)(Oc1ccccc1)Oc1ccccc1,3.027
CC(=O)OC(C(Cl)(Cl)Cl)P(=O)(Oc1ccccc1)Oc1ccccc1,2.111
CCOP(=O)(Oc1ccc(Cl)cc1Cl)Oc1ccc(Cl)cc1Cl,1.827
Cc1c(Nc2ncnc3ccccc23)c(=O)n(-c2ccccc2)n1C,2.9530000000000003
C1CCC(OC2CCCC2)C1,2.516
CCOC(=O)C1(c2ccccc2)CCCN(C)CC1,2.867
O=C1CCC2CCCCC2O1,1.597
O=C(OC1CCCCC1)c1ccccc1C(=O)OC1CCCCC1,1.042
Cn1cnc([N+](=O)[O-])c1Sc1[nH]cnc2ncnc1-2,2.715
CC(C)Nc1nc(Cl)nc(NC2CC2)n1,2.278
CC(C)(C#N)Nc1nc(Cl)nc(NC2CC2)n1,2.94
Nc1nc(N)nc(NC2CC2)n1,1.6909999999999998
Cc1cc(-n2c(C)nc3ccccc3c2=O)n(-c2ccccc2)n1,2.245
CC(Cc1ccccc1)NC(C#N)c1ccccc1,3.823
CC(Cc1ccccc1)N(C)Cc1ccccc1,3.175
c1ccc(Cc2ccncc2)cc1,2.455
O=C1OCC2C1C1(Cl)C(Cl)=C(Cl)C2(Cl)C1(Cl)Cl,3.531
O=C(Cc1c[nH]c2ccccc12)NN1C(=O)CSC1=S,2.849
BrCc1cccc(Oc2ccccc2)c1,2.0540000000000003
Oc1cccc(Oc2ccccc2)c1,2.187
O=C(Cl)c1ccc(Oc2ccc(C(=O)Cl)cc2)cc1,1.53
O=C(O)Cc1cc(I)c(Oc2cc(I)c(O)c(I)c2)c(I)c1,5.957000000000001
CC(C)c1cc(Oc2ccccc2)cc(C(C)C)c1NC(=S)NC(C)(C)C,2.269
CC(=O)c1ccc(Oc2c(I)cc(C(=O)O)cc2I)cc1I,2.139
Nc1ccc(Oc2ccc(N)cc2)cc1,2.441
O=C(O)c1cccc(Oc2ccc(C(F)(F)F)cc2Cl)c1,2.432
ClCNc1cc(Cl)ccc1Oc1ccc(Cl)cc1,2.62
CC(C)c1cc(Oc2c(I)cc(CC(=O)O)cc2I)ccc1O,4.998
O=[N+]([O-])c1ccc(Oc2c(Cl)cc(Cl)cc2Cl)cc1,1.47
O=[N+]([O-])c1ccc(Oc2ccc(Cl)cc2Cl)cc1,2.584
CC(C)COC(=O)C(C)Oc1ccc(Oc2ccc(Cl)cc2)cc1,2.6830000000000003
CC(=O)c1cccc(Oc2ccccc2)c1,1.7080000000000002
O=C(O)Cc1ccccc1Oc1ccc(Cl)cc1Cl,2.115
COc1cc(Oc2ccc(Cl)cc2Cl)ccc1[N+](=O)[O-],1.242
CN(C)C(=O)Nc1ccc(Oc2ccc(Cl)cc2)cc1,1.895
O=C(O)Cc1ccccc1Oc1c(Cl)c(Cl)cc(Cl)c1Cl,3.082
O=[N+]([O-])c1ccc(Oc2c(F)cc(Cl)cc2Cl)cc1,2.019
CS(=O)(=O)NC(=O)c1cc(Oc2ccc(C(F)(F)F)cc2Cl)ccc1[N+](=O)[O-],2.545
NC(Cc1ccc(Oc2ccc(N(CCCl)CCCl)cc2)cc1)C(=O)O,2.807
CCc1ccc(Oc2ccc(C)cc2CC(=O)O)c(Cl)c1,2.029
OCc1cccc(Oc2ccccc2)c1,2.127
CCOc1cc(Oc2ccc(C(F)(F)F)cc2Cl)ccc1[N+](=O)[O-],1.859
CCC(C)c1ccc(Oc2ccc(C)cc2CC(=O)O)c(Cl)c1,2.477
O=C(O)c1cc(Oc2ccc(C(F)(F)F)cc2Cl)ccc1[N+](=O)[O-],2.422
CC(=O)Oc1cccc(Oc2ccc(C(F)(F)F)cc2Cl)c1,2.121
CC(Oc1ccc(Oc2ccc(Cl)cc2Cl)cc1)C(=O)O,2.764
CS(=O)(=O)Nc1ccc([N+](=O)[O-])cc1Oc1ccccc1,3.188
CCOC(=O)COC(=O)c1cc(Oc2ccc(C(F)(F)F)cc2Cl)ccc1[N+](=O)[O-],2.481
O=Cc1cccc(Oc2ccccc2)c1,2.21
N#CC(O)c1cccc(Oc2ccccc2)c1,2.45
CC(Oc1ccc(Oc2ccc(Cl)cc2)cc1)C(=O)O,2.387
CCOC(=O)NCCOc1ccc(Oc2ccccc2)cc1,1.254
CC(=O)Oc1ccc(Oc2c(I)cc(C(=O)O)cc2I)cc1I,2.15
COC(=O)C(C)Oc1ccc(Oc2ccc(Cl)cc2Cl)cc1,2.782
ClCc1cccc(Oc2ccccc2)c1,2.252
c1ccc(Oc2ccccc2)cc1,1.703
O=[N+]([O-])c1ccc(Oc2ccc(C(F)(F)F)cc2Cl)cc1,2.502
ClC(Cl)c1cccc(Oc2ccccc2)c1,1.625
O=[N+]([O-])c1ccc(Oc2ccc(C(F)(F)F)cc2[N+](=O)[O-])cc1,1.5619999999999998
COc1ccc(Oc2ccc(NC(=O)N(C)C)cc2)cc1,2.457
COC(=O)c1cc(Oc2ccc(Cl)cc2Cl)ccc1[N+](=O)[O-],1.7280000000000002
CCCSc1cc(Oc2ccc([N+](=O)[O-])cc2)ccc1Cl,2.457
Oc1cc(Cl)ccc1Oc1ccc(Cl)cc1Cl,1.894
Nc1cc(N2CCCCC2)nc(N)[n+]1[O-],2.2
CC(C)(C)C(=O)C(Oc1ccc(Cl)cc1)n1cncn1,2.459
CC(C)(C)C(O)C(Oc1ccc(Cl)cc1)n1cncn1,2.633
FC(F)(F)c1cccc(N=Cc2cccnc2)c1,2.495
O=C(O)CCC(=O)c1ccc2oc3ccccc3c2c1,2.32
Clc1cc2oc3c(Cl)c(Cl)c(Cl)cc3c2cc1Cl,5.57
O=C1CC2CC(O1)C1CCCC21,2.296
C[Si]1(CCC(F)(F)F)O[Si](C)(CCC(F)(F)F)O[Si](C)(CCC(F)(F)F)O1,3.415
CN(C)CCCn1c(=O)n(-c2ccccc2)c2cc(Cl)ccc21,2.217
Cc1cccc(N(C)C(=S)Oc2ccc3c(c2)C2CCC3C2)c1,1.732
CN(C)c1ccc(Cn2cnc3c2c(=O)n(C)c(=O)n3C)cc1,2.455
OC1(c2ccc(Cl)cc2)c2ccccc2C2=NCCN21,3.895
OC1(c2ccccc2)c2cc(F)ccc2C2=NCCN21,3.827
OC1(c2ccc(F)cc2)c2ccccc2C2=NCCN21,3.128
OC1(c2ccc(C(F)(F)F)cc2)c2ccccc2C2=NCCN21,2.955
OC1(c2ccc(Cl)c(Cl)c2)c2ccccc2C2=NCCN21,2.9560000000000004
OC1(c2cccc(Cl)c2)c2ccccc2C2=NCCN21,3.153
OC1(c2ccccc2)c2ccccc2C2=NCCN21,2.9210000000000003
CN1C(=O)OC(C)(C)C1=O,1.825
CCN(CC)CCNc1ccc(CO)c2sc3ccccc3c(=O)c12,2.5610000000000004
C=CN1CC1,2.895
C1CN1,3.458
CC1CN1,3.478
OCCN1CC1,3.071
S=c1[nH]c2cc(Cl)ccc2o1,2.269
CON(C(=O)c1cc(C)oc1C)C1CCCCC1,1.823
CCOP(=S)(OCC)Oc1cc(-c2ccccc2)on1,3.447
CC1CC2CN(C)CC(C2O)C1N1CCCC1,2.678
CC1NC(C)N(CCN2C(=S)SC(C)NC2C)C(=S)S1,1.846
c1ccc(CNc2ncnc3c2NCN3)cc1,2.0340000000000003
NS(=O)(=O)c1cc(C(=O)O)c(NCc2ccco2)cc1Cl,2.105
CC1CC(=O)CC(C)O1,1.5759999999999998
O=C(C=Cc1ccccc1)OCC=Cc1ccccc1,1.723
COC(=O)C1C2CC3c4[nH]c5cc(OC)ccc5c4CCN3CC2CC(OC2CCCCO2)C1OC,3.46
CC(C(=O)O)c1ccc(-n2cc3ccccc3n2)cc1,2.235
C[n+]1ccc(-c2cc[n+](C)cc2)cc1,3.27
CC(CCC(=O)O)C1CCC2C3C(O)CC4CC(O)CCC4(C)C3CCC12C,1.992
CC(CCC(=O)O)C1CCC2C3CCC4CC(O)CCC4(C)C3CC(O)C12C,2.594
CC1CC2Oc3ccc(Cl)cc3C(=O)N2O1,2.315
O=C1c2cc(Cl)ccc2OC2CCON12,2.1630000000000003
COc1ccccc1C=Nc1ccccc1C(=O)O,2.231
Oc1ccc(N=Cc2ccccc2)cc1,1.751
O=C(OC1CCC(N2CCCCC2)CC1)C1CCCCC1,2.07
COc1cc(C2c3cc4c(cc3C(OC3OC5COC(C)OC5C(O)C3O)C3COC(=O)C23)OCO4)cc(OC)c1O,2.518
O=C1OCCC1N(C(=O)C1CC1)c1cccc(Cl)c1,3.2060000000000004
CNC(=O)ON=C1CSCCSC1,2.741
c1nnc(NCNc2nncs2)s1,2.9160000000000004
O=c1nc2[nH]c(=O)[nH]cc-2[nH]1,1.922
Cc1onc2c(=O)n(-c3ccccc3)nc(-c3ccccc3)c12,2.482
O=c1c2nocc2c(-c2ccccc2)nn1-c1ccccc1,2.461
CC1OC(OC2C(O)CC(OC3C(O)CC(OC4CCC5(C)C(CCC6C5CCC5(C)C(C7=CC(=O)OC7)CCC65O)C4)OC3C)OC2C)CC(O)C1O,4.508
CC1OC(OC2C(O)CC(OC3C(O)CC(OC4CCC5(C)C(CCC6C5CCC5(C)C(C7=CC(=O)OC7)C(OC=O)CC65O)C4)OC3C)OC2C)CC(O)C1O,4.431
COC1C(O)CC(OC2C(O)CC(OC3C(O)CC(OC4CCC5(C)C(CCC6C5CC(O)C5(C)C(C7=CC(=O)OC7)CCC65O)C4)OC3C)OC2C)OC1C,4.981
CC1OC(OC2C(O)CC(OC3C(O)CC(OC4CCC5(C)C(CCC6C5CC(O)C5(C)C(C7=CC(=O)OC7)CCC65O)C4)OC3C)OC2C)CC(O)C1O,4.441
CC1OC(OC2C(C)OC(OC3C(C)OC(OC4CCC5(C)C(CCC6C5CCC5(C)C(C7=CC(=O)OC7)C(OC=O)CC65O)C4)CC3OC=O)CC2OC=O)CC(OC=O)C1OC=O,4.373
CCCP(c1ccccc1)c1ccccc1,2.265
CCP(c1ccccc1)c1ccccc1,2.632
CC(=Cc1ccccc1)CC(=O)NC1CCCCC1,1.933
CC1CC2OC2CC1COC(=O)CCCCC(=O)OCC1CC2OC2CC1C,1.964
O=C(CCCCC(=O)OCC1CCC2OC2C1)OCC1CCC2OC2C1,1.922
C=C1CCC(O)CC1=CC=C1CCCC2(C)C1CCC2C(C)CCCC(C)C,3.962
C=C1C(=CC=C2CCCC3(C)C2CCC3C(C)CCCC(C)C)CC(O)CC1O,6.071000000000001
C=C1C(=CC=C2CCCC3(C)C2CCC3C(C)CCCC(C)(C)O)CC(O)CC1O,5.827000000000001
C=C1C(=CC=C2CCCC3(C)C2CCC3C(C)C=CC(C)C(C)C)CC(O)CC1O,5.072
C=C1CCC(O)CC1=CC=C1CCCC2(C)C1CCC2C(C)C=CC(C)C(C)C,3.85
C=C1C(=CC=C2CCCC3(C)C2CCC3C(C)CCCC(O)(C(F)(F)F)C(F)(F)F)CC(O)CC1O,7.1
C=C1C(=CC=C2CCCC3(C)C2CCC3C(C)CCC(O)C(C)C)CC(O)CC1O,5.104
NS(=O)(=O)c1cc(C(=O)O)cc(N2CCCC2)c1Oc1ccccc1,1.811
C(=NC1CCCCC1)=NC1CCCCC1,2.712
OC(c1ccc(Cl)cc1)(c1ccc(Cl)cc1)c1cccnc1,1.82
Cc1ccc(C(=O)c2ccc(CC(=O)NCCn3cnc4c3c(=O)n(C)c(=O)n4C)n2C)cc1,2.5860000000000003
CCCCN1CCCC1=Nc1ccc(Cl)c(Cl)c1,1.971
C=CCN1CCCC1=Nc1ccc(Cl)c(Cl)c1,2.1630000000000003
CCCN1CCCC1=Nc1ccc(Cl)c(Cl)c1,2.107
CC1(O)CC(C)(O)OO1,1.67
Clc1ccc(N=Nc2ccc(NCCCN3CCCCC3)c3c2CCCC3)cc1,2.564
CC(C)C(C(=O)OC(C#N)c1ccc(Oc2ccccc2)cc1)c1ccc(Cl)cc1,2.969
c1ccc(N(CC2CO2)CC2CO2)cc1,2.103
O=C(CN1CCNCC1)NC1CCCCC1,1.7619999999999998
c1ccc(Nc2ccc(Nc3ccccc3)cc2)cc1,2.041
Cc1nc(N)nc(N2N=CCC2C)n1,1.779
CCCCC1(CCc2ccccn2)C(=O)N(c2ccccc2)N(c2ccccc2)C1=O,1.963
CC1CCCCC1NC(=O)Nc1ccccc1,1.6669999999999998
c1ccc(-n2cnnc2)cc1,3.035
CC(C)(C)c1cc(CN2CCN(Cc3cc(C(C)(C)C)c(O)c(C(C)(C)C)c3)CC2)cc(C(C)(C)C)c1O,1.7180000000000002
Cc1ccccc1Oc1cccnn1,1.78
O=C(Cn1ccnc1)c1ccc2c(c1)Cc1ccccc1-2,1.78
COC(CN1CCN(CCC(O)c2ccccc2)CC1)c1ccccc1,2.7430000000000003
CC(C)=C1CCC(C)CC1=O,2.51
CCCCC=C1CCCCC1=O,1.5219999999999998
Clc1ccc(C2(Cn3cncn3)CC(Br)CO2)c(Cl)c1,3.014
FC(F)(F)COC1CCC(Cn2cncn2)(c2ccc(Cl)cc2Cl)O1,2.945
OC(Cn1cncn1)(Cn1cncn1)c1ccc(F)cc1F,2.382
CCCCCC(C=Cn1ccnc1)OCc1ccccc1,2.047
O=C(O)c1ccccc1C(=O)Nc1cccc2ccccc12,1.551
O=C1CNC(=S)N1,2.442
CC1NC(=S)NC1=O,2.093
c1ccc2c(NC3=NCCS3)cccc2c1,3.66
O=C1C2=C(CCCC2)C(=O)N1c1ccc(Cl)cc1,1.038
CCN(CC)C(=O)C1CN2CCc3cc(OC)c(OC)cc3C2CC1OC(C)=O,2.5860000000000003
CC1=C(C)S(=O)(=O)CCS1(=O)=O,2.262
Cc1nc2n(c(=O)c1CCN1CCC(c3noc4cc(F)ccc34)CC1)CCCC2O,3.817
Cc1nc2n(c(=O)c1CCN1CCC(c3noc4cc(F)ccc34)CC1)CCCC2,3.86
Cc1cccc(Cl)c1NC(=O)C=C1SCC(=O)N1C,2.342
O=C(OCCc1ccccc1)c1ccccc1,1.656
COc1ccc(C=Nc2c(C)n(C)n(-c3ccccc3)c2=O)cc1,1.507
COc1cccc(C=Nc2c(C)n(C)n(-c3ccccc3)c2=O)c1,1.759
CC1(C)OCC(COC(=O)Cc2ccc3c(c2)OCc2ccccc2C3=O)O1,3.619
S=C(Cc1ccccc1)N1CCOCC1,3.646
CC(=O)c1ccc2c(c1)N(CCCN1CCC(CCO)CC1)c1ccccc1S2,3.022
N#Cc1ccc2c(c1)N(CCCN1CCC(O)CC1)c1ccccc1S2,2.966
NC(=O)C1CCN(CCCN2c3ccccc3Sc3ccc(Cl)cc32)CC1,2.812
CS(=O)(=O)c1ccc2c(c1)N(CCCN1CCC(C(N)=O)CC1)c1ccccc1S2,2.659
CC1OCC2C(CO1)C1(Cl)C(Cl)=C(Cl)C2(Cl)C1(Cl)Cl,3.508
CN(C)P1(=S)OCc2cc([N+](=O)[O-])ccc2O1,3.341
CCC(C)NP1(=S)OCc2cc([N+](=O)[O-])ccc2O1,3.384
CNP1(=S)OCc2cc([N+](=O)[O-])ccc2O1,3.318
COP1(=S)OCc2ccccc2O1,3.326
CCN(CC)P1(=S)OCc2cc([N+](=O)[O-])ccc2O1,3.304
CN(C)CC=C(c1ccc(Br)cc1)c1cccnc1,2.547
CCC(C(=O)O)C1OC(C(C)C(O)C(C)C(=O)C(CC)C2OC3(C=CC(O)C4(CCC(C)(C5CCC(O)(CC)C(C)O5)O4)O3)C(C)CC2C)C(C)CC1C,4.617
N=C1C=C(Br)C(=O)c2c(N)cc(Br)c(O)c21,2.1590000000000003
CCCCc1c(OC(=O)C23CC4CC(CC(C4)C2)C3)n(-c2ccccc2)n(-c2ccccc2)c1=O,2.443
CN(C)Cc1ccc(CSCCNC(=C[N+](=O)[O-])N2CCN(C)CC2)o1,1.843
C=CCC1=C(C)C(OC(=O)C2C(C)(C)C2(C)C)CC1=O,3.201
C#CCC1=C(C)C(OC(=O)C2C(C=C(C)C)C2(C)C)CC1=O,2.815
C=CC=CCC1=C(C)C(OC(=O)C2C(C=C(C)C(=O)OC)C2(C)C)CC1=O,3.27
C=CCC1=C(C)C(OC(=O)C2C(C=C(C)C)C2(C)C)CC1=O,2.546
C=CC=CCC1=C(C)C(OC(=O)C2C(C=C(C)C)C2(C)C)CC1=O,3.1010000000000004
C1CS1,2.529
CC1CS1,2.465
ClCC1CS1,3.434
COCC1CS1,1.6869999999999998
CC1=NN(c2ccccc2)C(=O)C1C=O,2.451
CCCC1=NN(c2ccccc2)C(=O)C1C=O,2.479
CC1=NN(c2ccc(C)cc2)C(=O)C1,1.403
CC1=NN(c2ccccc2)C(=O)C1,1.6969999999999998
Cc1cccc(C)c1NC(=O)C1(N(C)C)CCN(C2CCCCC2O)CC1,4.888
Cc1ccccc1C(=O)N=C1NCCS1,2.383
O=C(Nc1c(Cl)c(Cl)c(Cl)c2[nH]c(C(F)(F)F)nc12)c1ccccc1,3.611
c1ccc(-c2ccc(C(c3ccccc3)n3ccnc3)cc2)cc1,2.327
O=C(O)c1ccccc1Nc1c(Cl)cc(Cl)c2ccccc12,1.592
c1ccc(Nc2cccc3ccccc23)cc1,2.13
CC=C1CC2C=CC1C2,1.6769999999999998
CC1OC(n2ccc(NC(=O)c3ccc(NC(=O)C(C)(N)CO)cc3)nc2=O)CCC1OC1OC(C)C(N(C)C)C(O)C1O,2.235
N#CC(OC1OC(CO)C(O)C(O)C1O)c1ccccc1,2.722
CNC1=Nc2ccc(Cl)cc2C(c2ccccc2)=[N+]([O-])C1,2.756
CC(CN(C)C)CN1c2ccccc2Sc2ccccc21,3.153
CCN(CC)C(C)CN1c2ccccc2Sc2ccccc21,2.264
COc1ccc2c(c1)N(CCCN(C)C)c1ccccc1S2,2.634
COc1ccc2c(c1)N(CC(C)CN(C)C)c1ccccc1S2,2.475
CCC(=O)c1ccc2c(c1)N(CCCN(C)C)c1ccccc1S2,2.833
CCCC(=O)c1ccc2c(c1)N(CCCN(C)C)c1ccccc1S2,3.073
CSc1ccc2c(c1)N(CCCN(C)C)c1ccccc1S2,2.358
CN(C)CCCN1c2ccccc2Sc2ccc(Cl)cc21,3.3510000000000004
COc1ccc2c(c1)Sc1ccc(C(C)C(=O)O)cc1N2C,2.631
CN1c2ccccc2Sc2ccc(CC(=O)O)cc21,2.739
CCN(CC)CCSC(=S)N1c2ccccc2Sc2ccccc21,2.273
CN(C)CCCN1c2ccccc2Sc2ccc(C(F)(F)F)cc21,3.28
CCCCCc1cc(O)c2c(c1)OC(C)(C)C1CC=C(C)CC21,2.563
CC12CCC(C(Br)C1=O)C2(C)C,1.715
CC12CCC(C1)C(C)(C)C2=O,1.539
CC12CCC(CC1=O)C2(C)C=O,1.729
CN1CCN=C(c2ccccc2)c2cc(Cl)ccc21,2.478
CN(C)CCOc1ccc(C(=C(CCCl)c2ccccc2)c2ccccc2)cc1,2.378
CCC(=C(c1ccc(OCCN(C)C)cc1)c1ccc(OP(=O)(O)O)cc1)c1ccc(C(C)C)cc1,2.812
CCC(=C(c1ccccc1)c1ccc(OCCN(C)C)cc1)c1ccccc1,1.957
OCCNCCOc1ccc(C(=C(c2ccccc2)C(F)(F)F)c2ccccc2)cc1,2.485
CCN(CC)CCOc1ccc(C(=C(Cl)c2ccccc2)c2ccccc2)cc1,1.849
CC(=O)OCC1=C(C(=O)O)N2C(=O)C(NC(=O)CSc3ccncc3)C2SC1,1.413
CN1CCCC(n2nc(Cc3ccc(Cl)cc3)c3ccccc3c2=O)CC1,3.091
CCCCC1C(=O)N(c2ccccc2)N(c2ccccc2)C1=O,3.1
O=C1CC(=O)N(c2ccccc2)N1c1ccccc1,2.402
CCC1C(=O)N(c2ccccc2)N(c2ccccc2)C1=O,2.573
CCCC1C(=O)N(c2ccccc2)N(c2ccccc2)C1=O,2.745
CC(C)(C)C(=O)CCC1C(=O)N(c2ccccc2)N(c2ccccc2)C1=O,2.904
CCCCC1(COC(=O)CCC(=O)O)C(=O)N(c2ccccc2)N(c2ccccc2)C1=O,2.411
CC(C)=CCC1C(=O)N(c2ccccc2)N(c2ccccc2)C1=O,2.378
CC(=O)CCC1C(=O)N(c2ccccc2)N(c2ccccc2)C1=O,2.651
CCCCC1C(=O)N(c2ccccc2)N(c2ccc(O)cc2)C1=O,2.994
CCC(=C(CC)c1ccc(OP(=O)(O)O)cc1)c1ccc(OP(=O)(O)O)cc1,2.155
CN(C)c1ccc(C=Cc2ccccc2)cc1,3.65
Nc1ccc(C=Cc2ccc([N+](=O)[O-])cc2S(=O)(=O)O)c(S(=O)(=O)O)c1,1.45
O=[N+]([O-])c1ccc(C=Cc2ccc([N+](=O)[O-])cc2S(=O)(=O)O)c(S(=O)(=O)O)c1,1.533
C(CCOCC1CO1)COCC1CO1,2.251
CC1CCCOC1=O,0.944
CN(SC(Cl)(Cl)Cl)C(=O)ON=C1SC(=C(C#N)C#N)SC1(C)C,2.904
COc1ccc2cc(C(C)C(=O)O)ccc2c1,2.8080000000000003
O=C(O)c1ccc2ccccc2c1,1.5830000000000002
Nc1ccc(S(=O)(=O)O)c2cccc(O)c12,1.586
O=S(=O)(O)c1c(O)ccc2ccccc12,1.85
S=C=Nc1cccc2ccccc12,2.967
O=Cc1cccc2ccccc12,2.37
Oc1cccc2ccccc12,1.779
Cc1cccc2ccccc12,1.888
Clc1cccc2ccccc12,2.024
Oc1ccc2ccccc2c1,1.867
COc1ccc2cc(C(C)C(=O)OCC(O)CO)ccc2c1,2.271
O=C(O)c1cccc2c(Cl)ccc(C(=O)O)c12,1.855
Nc1ccc2c(S(=O)(=O)O)cccc2c1S(=O)(=O)O,1.747
Nc1ccc2ccccc2c1S(=O)(=O)O,1.061
CC(C)COc1ccc2ccccc2c1,1.529
COC(=O)Cc1cccc2ccccc12,2.023
CN(CO)C(=O)Oc1cccc2ccccc12,1.635
Nc1cccc2cc(S(=O)(=O)O)ccc12,1.196
O=C(O)Cc1cccc2ccccc12,2.27
COC(=O)COc1ccc2ccccc2c1,1.888
Nc1cc2c(S(=O)(=O)O)cc(S(=O)(=O)O)cc2cc1S(=O)(=O)O,1.47
Nc1ccc2ccccc2c1,2.294
Nc1ccc2c(S(=O)(=O)O)cc(S(=O)(=O)O)cc2c1,2.181
CCOP(C)(=S)NOc1cccc2ccccc12,3.051
Nc1ccc(S(=O)(=O)O)c2cccc(S(=O)(=O)O)c12,0.7340000000000001
O=C(O)c1ccc(C(=O)O)c2c(C(=O)O)ccc(C(=O)O)c12,1.608
CN(C(=O)CF)c1cccc2ccccc12,3.511
CC(=O)c1cccc2ccccc12,2.0380000000000003
CON=C(C)C(=NOC(=O)N(C)SN(C)C(=O)Oc1cccc2ccccc12)C(=O)N(C)C,3.4730000000000003
Nc1ccc2cc(S(=O)(=O)O)ccc2c1CS(=O)(=O)O,1.538
CC(C)NCC(O)c1ccc2ccccc2c1,2.406
CC(C)NCC(O)COc1cccc2ccccc12,2.594
Nc1cccc2c(Cl)ccc(Cl)c12,1.784
Oc1ccc2ccccc2c1Cl,1.888
Clc1ccc2ccccc2c1,1.894
CC(C)Cc1cccc2c(CC(=O)O)cccc12,2.6060000000000003
O=C(O)COc1ccc2ccccc2c1,2.528
CCC(CC)(C(=O)O)c1cccc2ccccc12,2.351
ClCc1cccc2ccccc12,2.298
CNC(=O)Oc1ccc(O)c2ccccc12,2.261
CNc1cccc2ccccc12,2.047
CCOc1ccc2cc(S(=O)(=O)O)ccc2c1N,1.348
CC(C)=CCN(CC=C(C)C)CCC(C(N)=O)c1cccc2ccccc12,3.014
CCOc1ccc2ccccc2c1,1.743
NC(=O)Cc1cccc2ccccc12,1.462
O=C(O)CSc1cccc2cccc(CCl)c12,2.028
O=[N+]([O-])c1ccc2ccccc2c1,1.595
Nc1ccc2c(O)cc(S(=O)(=O)O)cc2c1,1.318
CC(C)=CCC(CCN(C)C)(C(N)=O)c1cccc2ccccc12,3.3560000000000003
CN(CC=CC#CC(C)(C)C)Cc1cccc2ccccc12,1.862
CC(C)C(CCN(C)C)(C(N)=O)c1cccc2ccccc12,2.462
COc1ccc2cc(C(C)C(=O)OCCO)ccc2c1,2.2030000000000003
COc1ccc2cc(CCC(C)=O)ccc2c1,1.77
NC(=S)Cc1cccc2ccccc12,3.526
CNC(=O)Oc1cccc2c(O)cccc12,2.864
NC(=S)Nc1cccc2ccccc12,4.5280000000000005
COc1ccc2cc(C(C)C(=O)OCCOCCO)ccc2c1,2.698
c1ccc2ccccc2c1,2.418
CCN(CC)CCC(CC=C(C)C)(C(N)=O)c1cccc2ccccc12,3.696
O=C(Cl)Oc1cccc2ccccc12,1.909
CC(C)=CCN(CC=C(C)C)CCC(CC=C(C)C)(C(N)=O)c1cccc2ccccc12,3.184
CCOc1ccc(C(=O)COC(=O)CCC(=O)O)c2ccccc12,1.975
O=S(=O)(O)c1ccc2ccccc2c1,2.716
O=C(O)c1cc2ccccc2cc1O,2.354
CCN(C)CCC(CC=C(C)C)(C(N)=O)c1cccc2ccccc12,3.678
ClCc1ccc(CCl)c2ccccc12,2.051
O=S(=O)(O)c1cccc2c(S(=O)(=O)O)cccc12,0.983
O=C(O)c1ccc2cc(O)ccc2c1,1.786
Cc1ccc2ccccc2c1,1.941
CCN(CC)C(=O)C(C)Oc1cccc2ccccc12,1.735
Nc1cc(S(=O)(=O)O)c2cccc(S(=O)(=O)O)c2c1,1.425
O=C(O)c1c(O)c(O)cc2ccccc12,0.921
CCOC(=O)Cc1cccc2ccccc12,1.777
CNC(=O)Oc1cccc2ccccc12,2.942
COc1ccc(C(=O)CCC(=O)O)c2ccccc12,2.157
Cc1ccc2ccccc2c1N,2.404
COC12CC(COC(=O)c3cncc(Br)c3)CN(C)C1Cc1cn(C)c3cccc2c13,2.609
CCOC(=O)c1cnc2cc(OCC3CC3)c(OCC3CC3)cc2c1O,2.076
CC=CCC(C)C(O)C1C(=O)NC(CC)C(=O)N(C)CC(=O)N(C)C(CC(C)C)C(=O)NC(C(C)C)C(=O)N(C)C(CC(C)C)C(=O)NC(C)C(=O)NC(C)C(=O)N(C)C(CC(C)C)C(=O)N(C)C(CC(C)C)C(=O)N(C)C(C(C)C)C(=O)N1C,2.91
CC1=CC(C)(C)Nc2ccccc21,1.938
CCOc1ccc2c(c1)C(C)=CC(C)(C)N2,2.434
CCOC(=O)N1CC=Cc2ccccc21,3.018
S=C(NNc1ccccc1)NNc1ccccc1,2.236
CC(C(=O)COC(=O)c1ccncc1)c1ccc(-c2ccccc2F)cc1,2.492
CCOP(=S)(OCC)Oc1ccc2c3c(c(=O)oc2c1)CCCC3,3.74
CN(Sc1ccc(F)cc1)C(=O)Oc1cccc2c1OC(C)(C)C2,4.143
CN(Sc1ccc([N+](=O)[O-])cc1)C(=O)Oc1cccc2c1OC(C)(C)C2,4.175
CN(Sc1c(Cl)c(Cl)c(Cl)c(Cl)c1Cl)C(=O)Oc1cccc2c1OC(C)(C)C2,4.302
CN(Sc1ccc(Cl)c(Cl)c1)C(=O)Oc1cccc2c1OC(C)(C)C2,4.202
CN(Sc1ccccc1)C(=O)Oc1cccc2c1OC(C)(C)C2,4.12
CN(Sc1cc(Cl)ccc1Cl)C(=O)Oc1cccc2c1OC(C)(C)C2,4.202
Cc1ccc(SN(C)C(=O)Oc2cccc3c2OC(C)(C)C3)cc1,4.138
CN1CCN(CCC(=O)NN=Cc2ccc([N+](=O)[O-])o2)CC1,3.013
CCN1C(=O)c2ccccc2C1Nc1ccc(OCCN2CCCCC2)cc1,2.737
O=c1sc2ccccc2c(O)c1C1CC(c2ccc(-c3ccc(Br)cc3)cc2)Cc2ccccc21,5.992000000000001
Cc1ccc(N=CN(C)C=Nc2ccc(C)cc2C)c(C)c1,2.865
CCN1CCCc2ccccc21,1.958
CC(C)NCC1CCc2cc(CO)c([N+](=O)[O-])cc2N1,3.969
CC=C(C)C(=O)N1CCCc2cc(C)ccc21,2.018
O=C=NCCOC(=O)C1C2C=CC(C2)C1C(=O)OCCN=C=O,1.151
C=CC(=O)OCC1CC2C=CC1C2,2.122
O=C(Cl)C1C2C=CC(C2)C1C(=O)Cl,1.948
ClCC1C(CCl)C2(Cl)C(Cl)=C(Cl)C1(Cl)C2(Cl)Cl,3.299
COP(=S)(OC)SC(C)CSCC1CC2(Cl)C(Cl)=C(Cl)C1(Cl)C2(Cl)Cl,2.763
C=CC1CC2C=CC1C2,1.44
ClC1=C(Cl)C2(Cl)C(CBr)CC1(Cl)C2(Cl)Cl,1.4980000000000002
C1=CC2CCC1C2,0.921
ClC1=C(Cl)C2(Cl)C(C(Cl)Cl)CC1(Cl)C2(Cl)Cl,2.38
O=C(CCl)OCC1CC2C=CC1C2,3.08
COC(=O)C1C2C=CC(C2)C1C(=O)OC,2.323
CCCC1C2C=CC(C2)C1C=O,1.5530000000000002
CCOC(=O)C1CC2C=CC1C2,1.588
S=C1N=CC=NC(=S)SSSS1,1.501
CCOC(=O)c1noc(C)c1C(=O)c1ccccc1,2.414
CCOC(=O)c1nocc1C(=O)c1ccccc1,2.39
CN1CCN(C2=Nc3ccccc3Cc3ccccc32)CC1,2.645
CCCN(CCC)C(=O)C(CCC(=O)OCCCOC(=O)Cc1c(C)n(C(=O)c2ccc(Cl)cc2)c2ccc(OC)cc12)NC(=O)c1ccccc1,3.083
CCOP(=S)(N=C1SCCS1)OCC,4.287
CN(SSC(C)(C)C)C(=O)ON=C1SCCS1,4.747
COP(=S)(N=C1SCCS1)OC,4.386
CCOP(=O)(N=C1SCC(C)S1)OCC,4.476
CCOP(=O)(N=C1SCCS1)OCC,4.458
CNC(=O)ON=C1SCCS1,4.807
COP(=O)(N=C1SCC(C)S1)OC,3.838
Cc1nnc(-c2ccccc2)c(=O)n1N,2.145
C1=CCCC=CCCC=CCC1,1.96
O=C(Cc1ccc2c(c1)OCc1ccccc1C2=O)OCC(O)CO,3.557
O=C(O)Cc1ccc2c(c1)C(=O)c1ccccc1CO2,3.273
CC(C(=O)O)c1ccc2c(c1)OCc1cc(Cl)ccc1C2=O,4.422
CC(C(=O)O)c1ccc2c(c1)OCc1ccccc1C2=O,3.919
CC(C(=O)O)c1ccc2c(c1)C(=O)c1ccccc1CO2,3.337
O=C(O)Cc1ccc2c(c1)OCc1ccccc1C2=O,3.387
O=C1CCCCCCCC(=O)OCCO1,1.367
C1COCCOCCNCCOCCOCCN1,1.887
CC=C1CC(C)C(C)(O)C(=O)OCC2CCN3CCC(OC1=O)C23,2.037
ClC1CCC2SC1CCC2Cl,2.175
CC(C)(C)C(O)(CCc1ccc(Cl)cc1)Cn1cncn1,1.963
CCCn1c(C)cc(=NC(=O)c2ccccc2O)n1-c1ccccc1,2.508
CCCCn1c(C)cc(=NC(=O)c2ccccc2O)n1-c1ccccc1,2.589
Cn1ccc(=NC(=O)c2ccccc2O)n1-c1ccccc1,2.415
Cc1cc(=NC(=O)c2ccccc2O)n(-c2ccccc2)n1C,2.385
CCn1c(C)cc(=NC(=O)c2ccccc2O)n1-c1ccccc1,2.415
OC1C=CCC1,2.253
ClC1C=CCC1,2.506
C1=CCCC1,1.614
FC1(F)C(Cl)=C(Cl)C(F)(F)C1(F)F,2.942
CN(c1ccc(Cl)cc1)S(=O)(=O)c1ccc(Cl)cc1,2.102
O=[N+]([O-])c1ccc(NS(=O)(=O)c2ccc(Cl)c(C(F)(F)F)c2)c(Cl)c1,3.498
Nc1ccc(S(=O)(=O)Nc2ccc(NC(=O)CCC(=O)O)cc2)cc1,2.384
O=C(O)CCC(=O)Nc1ccc(NS(=O)(=O)c2ccc([N+](=O)[O-])cc2)cc1,2.419
Cc1nn(C)c(=O)c2noc(C)c12,2.253
Cc1n[nH]c(=O)c2noc(C)c12,2.218
O=C1CC(N2C(=O)c3ccccc3C2=O)C(=O)N1,1.689
CCC1OC(=O)C(C)C(OC2CC(C)(OC)C(O)C(C)O2)C(C)C(OC2OC(C)CC(N(C)C)C2O)C(C)(OC)CC(C)C(=O)C(C)C(O)C1(C)O,2.77
CCC1OC(=O)C(C)C(OC2CC(C)(OC)C(O)C(C)O2)C(C)C(OC2OC(C)CC(N(C)C)C2O)C(C)(O)CC(C)C(=O)C(C)C(O)C1(C)O,2.2030000000000003
C[N+](C)(C)CCOP(=O)([O-])OP(=O)(O)OCC1OC(n2ccc(N)nc2=O)C(O)C1O,1.422
CCOC(=O)Nc1cccc(OC(=O)Nc2ccccc2)c1,1.495
COC(=O)Nc1cccc(OC(=O)Nc2cccc(C)c2)c1,1.876
Cc1c(Cc2cc(C(C)(C)C)c(O)c(C(C)(C)C)c2)c(C)c(Cc2cc(C(C)(C)C)c(O)c(C(C)(C)C)c2)c(C)c1Cc1cc(C(C)(C)C)c(O)c(C(C)(C)C)c1,2.713
Clc1ccc2ocnc2c1,2.373
CNc1nc2cc(Cl)ccc2o1,2.262
Nc1nc2cc(Cl)c(Br)cc2o1,3.247
Nc1nc2cc(I)ccc2o1,2.415
Nc1nc2c(Cl)cccc2o1,2.528
Nc1nc2cc(Cl)ccc2o1,2.334
Nc1nc2cc(Br)ccc2o1,2.3280000000000003
Nc1nc2cc(Cl)c(O)cc2o1,2.237
Nc1nc2cc(F)ccc2o1,2.182
Nc1nc2ccc(Br)cc2o1,2.629
Nc1nc2cccc(Cl)c2o1,2.614
Nc1nc2ccccc2o1,2.349
CN(C)c1nc2cc(Cl)ccc2o1,2.391
NC(=O)Cc1nc2cc(Cl)ccc2o1,2.448
COc1ccc2oc(N)nc2c1,2.215
Nc1nc2ccc(Cl)cc2o1,2.873
CCN(CC)CCOc1ccccc1-n1c(C)ccc1-c1ccccc1,2.697
[O-][N+]1=C(c2ccccc2)c2cc(Cl)ccc2N=C(NCC2CC2)C1,1.888
C1CCSC1,1.702
CCOP(=S)(OCC)SC1CCSC1,4.134
O=c1oc(=O)c2cc3c(=O)oc(=O)c3cc12,1.987
CCCCOC(=O)C(C)Oc1ccc(Oc2ccc(C(F)(F)F)cn2)cc1,2.12
CCOCCOC(=O)C(C)Oc1ccc(Oc2ncc(C(F)(F)F)cc2Cl)cc1,2.923
COC(=O)C(C)Oc1ccc(Oc2ncc(C(F)(F)F)cc2Cl)cc1,2.98
ClC1=C(Cl)C(Cl)(C2(Cl)C(Cl)=C(Cl)C(Cl)=C2Cl)C(Cl)=C1Cl,2.597
C1CN1P1(N2CC2)=NP(N2CC2)(N2CC2)=NP(N2CC2)(N2CC2)=N1,3.597
CCOP(=S)(Oc1cnn(C)c(=O)c1OC)c1ccccc1,4.824
Nc1ccc(-c2nc3cc(N)ccc3[nH]2)cc1,1.652
CC(C)(C)C(O)C(Cc1ccc(Cl)cc1)n1cncn1,2.354
CCCC(Cn1cncn1)c1ccc(Cl)cc1Cl,2.126
CCCCC(C#N)(Cn1cncn1)c1ccc(Cl)cc1,2.256
CCCCC(O)(Cn1cncn1)c1ccc(Cl)cc1Cl,2.157
CC(C)(C)C(O)C(Cc1ccc(Cl)cc1Cl)n1cncn1,1.914
CCc1nnc(CSP(=S)(OC)OC)o1,3.229
CCCc1nnc(CSP(=S)(OC)OC)o1,2.971
CCOP(=O)(OCC)SCc1nnc(CC)o1,4.415
CCCc1nnc(CSP(=S)(OCC)OCC)o1,3.827
COP(=S)(OC)SCc1nnc(C)o1,3.5010000000000003
CCCc1nnc(CSP(=O)(OCC)OCC)o1,4.057
COP(=S)(OC)SCc1nnc(C(C)C)o1,2.925
CCOP(=S)(OCC)SCc1nnc(C)o1,4.703
COP(=S)(OC)SCc1nnc(CC(C)C)o1,2.397
CCOP(=S)(OCC)SCc1nnc(CC(C)C)o1,3.776
CCOP(=O)(OCC)SCc1nnc(CC(C)C)o1,4.015
CCOP(=S)(OCC)SCc1nnc(C(C)C)o1,3.667
CCOP(=O)(OCC)SCc1nnc(C)o1,4.897
CCOP(=S)(OCC)SCc1nnc(CC)o1,4.442
COCC(=O)N(c1c(C)cccc1C)N1CCOC1=O,2.175
O=C1CN=C(c2ccccc2F)c2cc(Cl)ccc2N1CC1CC1,1.5319999999999998
CC(C)(Oc1ccccc1)C(=O)OCCN1CCOCC1,1.569
CN1C(=O)CC(=O)N(c2ccccc2)c2cc(Cl)ccc21,1.7
FC(F)(F)c1nnc2c3ccccc3ccn12,2.556
C1COCCOCCOCCOCCO1,2.194
O=C(Nc1ccc([N+](=O)[O-])cc1)OCc1cccnc1,4.29
O=C(CCCN1CC=C(n2c(=O)[nH]c3ccccc32)CC1)c1ccc(F)cc1,2.704
c1ccc2c(OCCN3CCCC3)ccnc2c1,2.937
C1NNCN2CNNCN12,2.56
O=C1CC2CC1C1CCCC21,2.345
O=C(SC(=O)c1ccccc1)c1ccccc1,1.685
COC(=O)C(C)N(C(=O)c1ccco1)c1c(C)cccc1C,2.506
Cc1cc(-c2ccccc2)[nH]n1,1.944
COc1c2occc2c(OC)c2c(=O)cc(C)oc12,3.5780000000000003
COc1c2ccoc2cc2oc(C)cc(=O)c12,2.442
COc1ccc(C(O)(c2cncnc2)C2CC2)cc1,1.756
CN1C(=O)CN2CCc3ccccc3C2c2cc(Cl)ccc21,2.257
CCC1C2CC3C4N(C)c5ccccc5C45CC(C2C5O)N3C1O,2.957
CC(C)(C)C(=O)C(Oc1ccc(Cl)cc1)n1ccnc1,2.864
CCOP(=O)(N=c1scc(CO)s1)OCC,3.2430000000000003
Oc1ccc(-c2ccccc2)cc1CN1CCOCC1,4.032
CC(CN1CCOCC1)C(C(=O)N1CCCC1)(c1ccccc1)c1ccccc1,3.738
O=C(Oc1cc(C(=O)Oc2cc(C(=O)OC3C(OC(=O)c4cc(O)c(O)c(O)c4)CC(O)(C(=O)O)CC3OC(=O)c3cc(O)c(O)c(O)c3)cc(O)c2O)cc(O)c1O)c1cc(O)c(O)c(O)c1,2.411
CC=C(C)C(=O)OC1CCN2CC=C(COC(=O)C(O)(C(C)OC)C(C)(C)O)C12,3.573
CC12CCCC(C)(OC1)O2,1.935
O=S1(=O)CCCO1,3.087
NS(=O)(=O)c1ccc(NC(=O)c2cc(=O)c3ccccc3o2)cc1,1.838
CN(C)CCNc1ncnc2ccccc12,2.509
CNC(=O)ON=C1SC(C)C(=O)NC1(C)C,5.443
CC1C(=NOC(=O)N(C)SC(Cl)(Cl)Cl)SCC(=O)N1C,5.032
CNC(=O)ON=C1SCC(=O)NC1(C)C,5.319
CNC(=O)ON=C1SCC(=O)NC1C,4.584
CCN(C(=O)N(CC)c1ccccc1)c1ccccc1,1.989
NS(=O)(=O)Cc1noc2ccccc12,2.028
COc1c(OP(=S)(Oc2cnn(C)c(=O)c2OC)OC(C)C)cnn(C)c1=O,3.636
CC(NCCNC(C)c1ccccc1)c1ccccc1,2.318
CCOC(=O)C(NCCNC(C(=O)OCC)c1ccccc1O)c1ccccc1O,2.716
CC(C)=CCC(CCN1CCCC1)(C(N)=O)c1cccc2ccccc12,3.693
CC1(C)CC(=O)C(N)C(C)(C)N1,2.267
CC1(C)CC(=O)CC(C)(C)N1,2.004
CC(Cc1ccccc1)C(=O)C(C)Cc1ccccc1,2.001
COc1ccc(Cc2nccc3cc(OC)c(OC)cc23)cc1OC,3.019
CNC(=O)Oc1ccccc1C1OCC=CCO1,3.853
CCCCCCC(O)C1C2=C(CC(C(O)C3CC=CC(=O)O3)CC3=C(C(=O)OC3=O)C1O)C(=O)OC2=O,3.113
CC(C)Cc1ccc(C(C)C(=O)OCc2ccccn2)cc1,2.315
COc1ccc(C2OCOCC2C)cc1,1.6769999999999998
ClC1=C(Cl)C2(Cl)C(Cl)=C(Cl)C3C(Cl)C1CC32,1.867
Cc1cccs1,1.487
O=Cc1cccs1,2.088
c1ccsc1,1.779
Clc1sc(Cl)c(Cl)c1Cl,3.5010000000000003
O=[N+]([O-])N1CN([N+](=O)[O-])CN([N+](=O)[O-])CN([N+](=O)[O-])C1,1.659
O=C1C=C2C(=CCOC2O)O1,3.744
Cc1c(CN2CCOC(c3ccccc3)C2C)c(=O)n(-c2ccccc2)n1C,3.179
Cc1cc(NC(=O)c2ccccc2O)n(-c2ccccc2)n1,2.346
O=C1OC(=O)C(OC(=O)c2ccccc2)=C1OC(=O)c1ccccc1,1.529
O=C(CCl)OC1=C(OC(=O)CCl)C(=O)OC1=O,1.85
CCC(=O)OC1=C(OC(=O)CC)C(=O)OC1=O,1.685
O=C1C=CC(=O)O1,2.389
CCCC(=O)OC1=C(OC(=O)CCC)C(=O)OC1=O,1.256
O=C(CCCl)OC1=C(OC(=O)CCCl)C(=O)OC1=O,1.648
CC1=CC(=O)OC1=O,1.635
CC(=O)OC1=C(OC(C)=O)C(=O)OC1=O,1.5530000000000002
CC(Cc1ccc(O)c(O)c1)C(C)Cc1ccc(O)c(O)c1,2.18
O=C(c1cccnc1)N1CCN=C1Nc1c(Cl)cccc1Cl,3.622
CN(C)C1CC(c2ccccc2)c2ccccc21,3.13
Nc1ncnc2[nH]cnc12,2.259
Nc1ncc2nc[nH]c2n1,2.272
CON1CCC(=Cc2cc(C(C)(C)C)c(O)c(C(C)(C)C)c2)C1=O,3.314
c1ccc2cc(Nc3ccc(Nc4ccc5ccccc5c4)cc3)ccc2c1,1.904
c1ccc2nc3ccccc3cc2c1,1.952
CN(C)CCCNc1c2ccccc2nc2cccc([N+](=O)[O-])c12,4.101
CCCCCCCCCOC(=O)C1=CNC=C(C(=O)NC2CCCC2)C1c1ccccc1[N+](=O)[O-],4.684
CCOC(C1=NCCCN1)c1cccc2ccccc12,2.855
CCOC(C1=NCC(C)(C)CN1)c1cccc2ccccc12,3.732
CN1C(=O)C2C3C=C(C(O)(c4ccccc4)c4ccccn4)C(C3=C(c3ccccc3)c3ccccn3)C2C1=O,4.641
CCCCN1C(=O)C2C3C=C(C(O)(c4ccccc4)c4ccccn4)C(C3=C(c3ccccc3)c3ccccn3)C2C1=O,4.8
O=C1NC(=O)C2C3C(C(O)(c4ccccc4)c4ccccn4)=CC(C3=C(c3ccccc3)c3ccccn3)C12,5.129
COCCN1C(=O)C2C3C=C(C(O)(c4ccccc4)c4ccccn4)C(C3=C(c3ccccc3)c3ccccn3)C2C1=O,4.801
CCCN1C(=O)C2C3C=C(C(O)(c4ccccc4)c4ccccn4)C(C3=C(c3ccccc3)c3ccccn3)C2C1=O,4.205
CCSC(C)CC1CC(=O)C(C(=O)CC)C(=O)C1,3.202
COc1ccc(-c2nc(C)c(C(N)=O)s2)cc1OC,1.652
CNC(=O)c1sc(-c2cc(OC)c(OC)c(OC)c2)nc1C,1.7919999999999998
CCCNC(=O)c1sc(-c2cc(OC)c(OC)c(OC)c2)nc1C,1.796
O=C(O)Cc1csc(-c2ccc(Cl)cc2)n1,2.475
CNCCC=C1c2ccccc2CCc2sccc21,2.7310000000000003
CN(C)CCC=C1c2ccccc2CCc2sccc21,2.607
C1=CC=CCC=C1,3.209
O=C(O)c1c(O)cccc1C=NOCc1ccc(Cl)cc1,2.475
CN1CCN2c3ccccc3Cc3ccccc3C2C1,2.456
O=C(CCNNC(=O)c1ccncc1)NCc1ccccc1,2.244
COc1c(OCc2ccc(-c3ccccc3-c3nnn[nH]3)cc2)cc(C)nc1C,2.287
CN(Cc1cnc2nc(N)nc(N)c2n1)c1ccc(C(=O)NC(CCC(=O)O)C(=O)O)cc1,3.527
O=[N+]([O-])C=C1SCCN1Cc1ccccc1,2.373
CON=C(C(=O)NC1C(=O)N2C(C(=O)O)=C(COC(N)=O)CSC12)c1ccco1,1.628
CS(=O)(=O)c1ccc(-c2cn3ccccc3n2)cc1,1.866
CC(C(=O)O)c1ccc(-c2cn3ccccc3n2)cc1,2.96
CCOC(=O)N(Cc1ccccc1)C1CC1,2.201
COP(=O)(OC)ON1C(=O)c2cccc3cccc(c23)C1=O,3.662
CCOP(=S)(OCC)ON1C(=O)c2cccc3cccc(c23)C1=O,2.864
CCOP(=O)(OCC)ON1C(=O)c2cccc3cccc(c23)C1=O,3.698
O=C(O)CCCN1C(=O)c2cccc3cccc(c23)C1=O,1.85
CCN1CC(C)OC1=NP(=O)(OC)SC,6.402
CCN1C(=NP(=O)(OC)SC)OCC1C,2.504
CCC(C(O)c1ccc2[nH]c(=O)ccc2c1)N1CCN(c2cccc(Cl)c2)CC1,2.9160000000000004
O=C1C(CCC2CC2)C(=O)N(c2ccccc2)N1c1ccccc1,2.904
Cc1ccc(-c2nc3n(c2C=NNC(=O)CN(C)C)CCS3)cc1,2.633
CN(C)CC(=O)NN=Cc1c(-c2ccc(Cl)cc2)nc2n1CCS2,2.658
COC(=O)c1ccccc1N=CC(C)Cc1ccc(C(C)(C)C)cc1,2.051
CON=CC1=CCCN(OC(=O)Nc2ccc(Cl)cc2)C1,2.792
O=C1NC(=O)C(=O)C(=O)N1,1.436
Nc1ccc(OP(=O)(Oc2ccc(N)cc2)Oc2ccc(N)cc2)cc1,3.43
Cc1ccccc1OP(=O)(Oc1ccccc1C)Oc1ccccc1C,2.502
Cc1ccc(OP(=O)(Oc2ccccc2)Oc2ccccc2)cc1,2.38
CC(C)c1ccccc1OP(=O)(Oc1ccccc1)Oc1ccccc1,1.5659999999999998
O=P(Oc1ccccc1)(Oc1ccccc1)Oc1ccccc1,1.97
O=C1C=CC(=O)N1CCCCCCN1C(=O)C=CC1=O,2.701
Cc1ccc2c(c1)C(N1CCN(C)CC1)=Nc1ccccc1S2,2.539
CN1CCN(C2=Nc3ccccc3Sc3ccc(Cl)cc32)CC1,3.089
N=C(N)NCCN1CCCCCCC1,2.276
O=NN1CCCCCCC1,2.701
Cc1ccc2c(-c3ccccc3)nc(=O)n(C(C)C)c2c1,2.564
Cc1ccc2c(-c3cccc(O)c3)nc(=O)n(C(C)C)c2c1,2.266
Cc1cccc(Nc2cc(Cl)nc(SCC(=O)O)n2)c1C,1.892
COc1ccc2c(c1)c(CC(=O)O)c(C)n2C(=O)C=Cc1ccccc1,2.589
CC1(C)C2CCC1(C)C(Oc1ccc(N)cc1)C2,2.57
CCc1ccc([N+]([O-])=Cc2ccccc2)cc1,2.224
CCCCOC(=O)c1ccc([N+]([O-])=Cc2ccc(N(CC)CC)cc2)cc1,2.186
CCOC(=O)c1ccc([N+]([O-])=Cc2ccc(N(CC)CC)cc2)cc1,2.833
C=Cc1ccc(OCC2CO2)cc1,2.246
Cc1ccccc1OCC1CO1,1.6130000000000002
c1ccc(OCC2CO2)cc1,1.591
C=CCc1cccc(CC=C)c1OCC1CO1,1.71
CCOCn1cc(F)c(=O)n(C(=O)c2cccc(C(=O)Oc3nc(OC(=O)c4ccccc4)ccc3C#N)c2)c1=O,2.48
CCCc1c(OCc2cccn3c(=O)c(CCC(=O)O)cnc23)ccc(C(C)=O)c1O,2.026
CCCc1c(OCc2cccn3c(=O)c(CC(=O)O)cnc23)ccc(C(C)=O)c1O,2.011
CN(C)C(CSS(=O)(=O)c1ccccc1)CSS(=O)(=O)c1ccccc1,2.592
CC(C)N1CCC(N(C(=O)Cc2ccccc2)c2ccc(Cl)cc2)CC1,2.9730000000000003
O=P(Oc1ccccc1)(Oc1ccccc1)OC1CCCCC1,2.131
CC12CCC(=O)C=C1CCC1C2CCC2(C)C1CCC2(C)O,2.083
C#CC1(O)CCC2C3CCC4=CC(=O)CCC4C3CCC21CC,1.795
CCC1CC2C3CCC4=CC(=O)CCC4C3CCC2(C)C1O,1.398
CCC(=O)OC1CCC2C3CCC4=CC(=O)CCC4(C)C3CCC12C,2.537
CC12CCC3C4CCC(=O)C=C4CCC3C1CCC2OC(=O)N(CCCl)N=O,2.271
CCCC(=O)OC1(C(=O)COC(=O)CC)CCC2C3CCC4=CC(=O)CCC4(C)C3C(O)CC21C,1.98
O=NN1CCCOC1,2.287
O=C1CCCCCC=CCCCCCCCCO1,2.872
COc1ccc2c(c1)C13CCCCC1C(C2)N(C)CC3,3.369
C=CCN1CCC23CCCCC2C1Cc1ccc(O)cc13,2.475
COc1ccc2c(c1OC)C13CCN(C)C(C2)C1(O)CCC(O)C3,2.9930000000000003
CN1CCC23CCCCC2C1Cc1ccc(O)cc13,3.234
CC1=CCC2CC(CC3(CCC(C)C(C(C)C)O3)O2)OC(=O)C2C=C(C)C(O)C3OCC(=CC=CC(C)C1)C23O,2.353
O=[N+]([O-])c1cncn1CCN1CCOCC1,2.167
c1cc(OCC2CO2)cc(OCC2CO2)c1,1.937
COC(=O)Nc1nc2cc(Oc3ccc4[nH]c(NC(=O)OC)nc4c3)ccc2[nH]1,3.297
O=C(O)C1C(=CCO)OC2CC(=O)N21,1.4
Cc1ccc2c(c1)CC(=O)c1cc(C(C)C(=O)O)ccc1S2,3.495
CC(C(=O)O)c1ccc2c(c1)CC(=O)c1ccccc1S2,2.846
COP(=O)(Oc1cc(Cl)c(Br)cc1Cl)c1ccccc1,3.526
O=[N+]([O-])c1ccc(OP(=O)(CCl)c2ccccc2)cc1,3.1860000000000004
CP(=O)(Oc1ccc([N+](=O)[O-])cc1)c1ccccc1,4.346
CCC1C(=O)OCC1Cc1cncn1C,2.714
c1ccc2c(c1)Cc1ccccc1N2,1.928
CN(C)CCCC1c2ccccc2Nc2ccc(Cl)cc21,2.9
CN(C)CCCN1c2ccccc2C(C)(C)c2ccccc21,2.202
O=c1[nH]c(=O)n(CC2CC2)c2nc[nH]c12,2.846
CC(=O)C1(O)Cc2c(O)c3c(c(O)c2C(OC2CC(N)C(O)C(C)O2)C1)C(=O)c1c(O)cccc1C3=O,4.349
COc1cccc2c1C(=O)c1c(O)c3c(c(O)c1C2=O)CC(O)(C(C)=O)CC3OC1CC(N)C(O)C(C)O1,3.196
CN1CCC(Oc2ccc(N)cc2)(c2ccccc2)CC1,2.838
CCC(C)CCCCC(=O)NC(CCN)C(=O)NC(C(=O)NC(CCN)C(=O)NC1CCNC(=O)C(C(C)O)NC(=O)C(CCN)NC(=O)C(CCN)NC(=O)C(C(C)O)NC(=O)C(CC(C)C)NC(=O)C(CCN)NC1=O)C(C)O,3.104
COc1cc2c3c(c1O)C1(C=CC(=O)C=C1)CC3N(C)CC2,2.733
CCC1(CC)C(=O)C=CN(CN2CCOCC2)C1=O,2.135
O=c1ccc2ccc3occc3c2o1,2.762
CCN1CCCC1CNC(=O)c1cc(S(N)(=O)=O)ccc1OC,1.5419999999999998
C=C1CCC2CC1C2(C)C,1.462
CCCNc1nnc(-c2ccccc2)c2ccccc12,2.7030000000000003
CN(C)C1c2ccccc2NC(=O)c2ccccc21,2.101
CCOC1c2ccccc2C(=O)N(C)c2ccccc21,1.825
O=C1C(Cl)=C(Cl)C(=O)C1(Cl)Cl,2.369
C[n+]1cccc(C(=O)[O-])c1,1.4380000000000002
Nc1cc[n+]([O-])cc1,3.167
O=[N+]([O-])c1cc[n+]([O-])cc1,3.117
CCc1ccc(C)[n+]([O-])c1,1.836
CC(NCCCCc1ccccc1)C(O)c1ccc2c(c1)CCS2,2.778
c1coc(-c2nc3ccccc3[nH]2)c1,2.5660000000000003
CC1CC=CC=CC=CC=CC(OC2OC(C)C(O)C(N)C2O)CC2OC(O)(CC(O)CC3OC3C=CC(=O)O1)CC(O)C2C(=O)O,2.387
C(=Nc1ccccc1)Nc1ccccc1,2.013
OCc1ccc(OCCn2ccnc2)cc1,1.652
CC(=Nc1c(I)cc(I)c(C(=O)NCC(C)C(=O)O)c1I)N1CCOCC1,1.676
CC(=O)Nc1ccc(OC(=O)c2ccccc2OC(C)=O)cc1,1.952
O=C(O)c1cc(O)c(O)c(OC(=O)c2cc(O)c(O)c(O)c2)c1,2.154
O=C(Oc1cccc(O)c1)c1ccccc1,2.127
O=C(Oc1ccccc1)c1ccccc1O,1.854
Cc1ccc(OC(=O)c2ccccc2)cc1,1.905
Cc1ccc(OC(=O)c2ccccc2O)cc1,2.244
COCCOC(=O)C1=C(C)NC(C)=C(C(=O)OCC=Cc2ccccc2)C1c1cccc([N+](=O)[O-])c1,2.048
COC(=O)C1=C(C)NC(C)=C(C(=O)OCC=Cc2ccccc2)C1c1cccc([N+](=O)[O-])c1,2.1790000000000003
CCC(C)(C)C(=O)OC1CC(C)C=C2C=CC(C)C(CCC3CC(O)CC(=O)O3)C21,1.975
Cc1nn(C)c(Oc2ccccc2)c1C=NOCc1ccc(C(=O)OC(C)(C)C)cc1,3.236
O=C(Nc1ccc(F)cc1F)c1cccnc1Oc1cccc(C(F)(F)F)c1,2.295
CC1CCCCN1CCCOC(=O)c1ccc(Cl)c(Cl)c1,2.121
CCCn1c(C)cc(OP(=S)(OCC)OCC)cc1=O,4.515
C=CCn1c(C)cc(OP(=O)(OC)OC)cc1=O,5.046
COP(=S)(OC)Oc1cc(C)n(C)c(=O)c1,5.511
COP(=O)(OC)Oc1cc(C)n(C)c(=O)c1,4.928999999999999
CCOP(=S)(OCC)Oc1cc(C)n(CC)c(=O)c1,1.635
CCOP(=S)(OCC)Oc1cc(C)n(C)c(=O)c1,4.688
CCOP(=O)(OCC)Oc1cc(C)n(CC)c(=O)c1,5.252000000000001
O=c1[nH]c(Cl)c(Cl)cc1Cl,2.395
C1COCCOCCOCCOCCOCCO1,2.279
CCC(C(=O)C(C)C(O)C(C)CCc1ccc(C)c(O)c1C(=O)O)C1OC(CC)(C2CCC(O)(CC)C(C)O2)CC1C,3.685
CN(C)C=C1C(=O)N(c2ccccc2)N=C1c1ccccc1,2.515
CCCCCCCCCCCCCCCC(=O)OCC(O)C1OC(=O)C(O)=C1O,1.839
O=C1OC(C(O)CO)C(O)=C1O,1.17
CCC1OP(=S)(Cl)OC2CCCCC12,3.26
CC1OP(=S)(Cl)OC2CCCCC12,3.302
CC1CCCC2C(C)OP(=S)(Cl)OC12,3.365
c1ccc2c(c1)-c1cccc3cccc-2c13,2.005
CCCCCCCCn1sccc1=O,2.589
O=C1CCCCC(=O)N1,0.75
O=C1OC(=O)c2ccccc21,1.5659999999999998
O=C1CC2OCC=C3CN4CCC56c7ccccc7N1C5C2C3CC46,5.153
CCOP(=O)(OCC)SCn1nc(C)oc1=O,5.4510000000000005
CN(C)P(=S)(c1ccccc1)n1ccnc1,2.224
O=c1[nH]c2ccc(Cl)cc2o1,2.15
O=c1[nH]c2cc(Cl)c(Br)cc2o1,2.696
CCOP(=S)(OCC)SCn1c(=O)oc2cc(Cl)ccc21,3.636
CCOP(=S)(OCC)SCn1c(=O)oc2ccccc21,3.614
O=c1[nH]c2ccc(Br)cc2o1,2.33
CCOP(=O)(OCC)OCn1c(=O)oc2cc(Cl)ccc21,3.982
O=c1[nH]c2ccccc2o1,2.286
O=c1oc2cc(Cl)ccc2n1CCl,1.967
O=c1[nH]c2cc(Cl)c(Cl)cc2o1,2.465
CCn1c(=O)oc2ccc(Cl)cc21,2.165
O=c1oc2cc(Cl)ccc2n1CO,1.853
O=c1[nH]c2cc(Br)ccc2o1,2.309
O=c1[nH]c2cc(Cl)ccc2o1,2.347
O=c1[nH]c2c(Cl)c(Cl)c(Cl)cc2o1,2.377
O=c1[nH]c2c(Cl)c(Cl)cc(Cl)c2o1,2.678
C[n+]1cc2c3c(ccc2c2ccc4cc5c(cc4c21)OCO5)OCO3,2.301
c1cc2c(cc1C1CO1)O2,1.676
c1ccc(OP(Oc2ccccc2)Oc2ccccc2)cc1,2.2880000000000003
Cc1c(C(=O)NCCO)[n+]([O-])c2ccccc2[n+]1[O-],2.186
COC(=O)NN=Cc1c[n+]([O-])c2ccccc2[n+]1[O-],2.489
[O-][n+]1cc[n+]([O-])c2ccccc21,2.511
O=C(Cc1ccc(-c2ccccc2)cc1)Nc1ccccn1,2.191
CC(C(=O)Nc1cc(-c2ccccc2)nn1-c1ccccc1)N(C)C,2.431
O=C(O)C1=Cc2sc(Cn3ccnc3)cc2CC1,2.141
FC(F)(F)N=C1SC(=Nc2ccccc2)N(c2ccccc2)C1=NC(F)(F)F,2.287
c1ccc(Oc2nncc3ccccc23)cc1,2.347
Cc1c(N)nc(C)c2c1[nH]c1ccccc12,3.325
OC(CCCN1CCCCC1)(c1ccccc1)c1ccccc1,2.579
O=C1CCCCC1Cc1ccc2c(c1)OCO2,1.471
CC(=O)OCC1OC(n2ncc(=O)[nH]c2=O)C(OC(C)=O)C1OC(C)=O,1.491
CN(SSN(C)C(=O)ON=C1CSCCS1)C(=O)ON=C1CSCCS1,3.472
c1ccc(C2(c3ccccc3)COC(c3ccccc3)(C3CCCCN3)OC2)cc1,3.124
CC(C)(Oc1ccc(Cl)cc1)C(=O)OCCCOC(=O)C(C)(C)Oc1ccc(Cl)cc1,1.808
O=C1C(CCS(=O)c2ccccc2)C(=O)N(c2ccccc2)N1c1ccccc1,3.053
O=C(Nc1ccc(Nc2ccc(NC(=O)c3ccccc3)c3c2C(=O)c2ccccc2C3=O)c2c1C(=O)c1ccccc1C2=O)c1ccccc1,1.539
CN1CCC(=C2c3ccccc3CCc3sccc32)CC1,2.858
O=c1[nH]c(=O)c2ccccc2o1,2.337
CCCOC(=O)C1c2cc3c(cc2CC(C)C1C(=O)OCCC)OCO3,2.383
CN1CCN(CCC=C2c3ccccc3Sc3ccc(S(=O)(=O)N(C)C)cc32)CC1,2.79
CN1CCC(c2c[nH]c3ccccc23)C1,2.6860000000000004
CC(Cc1ccccc1)NCCC(c1ccccc1)c1ccccc1,3.12
NC(=O)c1ncn(C2OC(CO)C(O)C2O)n1,1.956
CC1Cc2c(Cl)cc(C(=O)NC(Cc3ccccc3)C(=O)O)c(O)c2C(=O)O1,4.305
CC1(C)CON(Cc2ccccc2Cl)C1=O,2.2430000000000003
Cc1ccc(CCOC(=O)c2cccnc2)cc1,1.838
CC(CN1C(=O)N(CC2CO2)C(C)(C)C1=O)OCC1CO1,2.219
Cn1c(=O)c2c(ncn2CCOC(=O)C(C)(C)Oc2ccc(Cl)cc2)n(C)c1=O,1.394
O=C1CSc2ncccc2N1,2.199
CC(C)(Oc1ccc(C2CCCc3ccccc32)cc1)C(=O)O,2.5380000000000003
CCC(=O)OC1(c2ccccc2)CCN(C)C1C,2.99
COc1cc(C=CC(=S)N2CCOCC2)cc(OC)c1OC,2.379
CCN(CC)CCOc1ccc(C(O)(Cc2ccc(Cl)cc2)c2ccc(C)cc2)cc1,2.34
O=C(OCC1CO1)c1ccccc1,2.102
COP(=S)(OC)Oc1ccc2c(C)cc(=O)oc2c1,4.284
CCOP(=O)(OCC)Oc1ccc2c(C)c(Cl)c(=O)oc2c1,4.54
CCOP(=O)(OCC)Oc1ccc2c(C)cc(=O)oc2c1,4.032
CCN(CC)c1ccc2c(C)cc(=O)oc2c1,1.665
COc1ccc2ccc(=O)oc2c1,1.612
O=C(O)c1cc2ccccc2oc1=O,2.978
CCCCOP(=O)(OCCCC)Oc1ccc2c(C)c(Cl)c(=O)oc2c1,3.806
Cc1cc(=O)oc2cc(O)ccc12,1.66
Cc1cc(=O)oc2cc(OP(=O)(OCCCl)OCCCl)ccc12,3.432
O=c1ccc2ccccc2o1,2.698
CCCOP(=O)(OCCC)Oc1ccc2c(C)c(Cl)c(=O)oc2c1,3.671
CCOP(=S)(OCC)Oc1ccc2c(C)cc(=O)oc2c1,4.349
CCOP(=S)(OCC)Oc1ccc2c(C)c(Cl)c(=O)oc2c1,4.446000000000001
CCOP(=S)(OCC)Oc1cc2ccccc2oc1=O,4.383
Cc1ccc2oc(=O)ccc2c1,1.979
COc1cc2ccc(=O)oc2cc1OC,2.849
COc1cc2ccc(=O)oc2cc1O,1.704
CCOC(=O)COc1ccc2c(C)c(CCN(CC)CC)c(=O)oc2c1Cl,2.501
Cc1ccc2ccc(=O)oc2c1,1.625
COc1ccc2ccc(=O)oc2c1CC=C(C)C,1.925
Cc1c(Cl)c(=O)oc2cc(OP(=O)(OCCCCl)OCCCCl)ccc12,3.323
Cc1c(Cl)c(=O)oc2cc(OP(=O)(OCCCl)OCCCl)ccc12,2.664
Cc1c(Cl)c(=O)oc2cc(OP(=O)(OCC(C)Cl)OCC(C)Cl)ccc12,2.8110000000000004
CCc1ccc(C(=O)C(C)CN2CCCCC2)cc1,2.3
Cc1ccc(C(=O)C(C)CN2CCCCC2)cc1,2.228
CC(C)c1cccc(C(C)C)c1N=C=Nc1c(C(C)C)cccc1C(C)C,3.258
S=c1[nH]c(=S)[nH]c(=S)[nH]1,1.271
CCc1nn(C)c(C(=O)NCc2ccc(C(C)(C)C)cc2)c1Cl,2.749
O=C1CCCc2ccccc21,2.256
C1CSCCO1,1.5659999999999998
CCOP(=S)(OCC)SC1COCCS1,4.9830000000000005
Cc1c(CC(=O)O)c2ccccc2n1C(=O)c1ccccc1,2.909
CCOC(=O)C(C(=O)Cc1c(C)n(C(=O)c2ccc(Cl)cc2)c2ccc(OC)cc12)C(=O)OCC,2.983
COc1ccc2c(c1)c(CC(=O)NO)c(C)n2C(=O)c1ccc(Cl)cc1,3.679
COC(=O)C(C(=O)Cc1c(C)n(C(=O)c2ccc(Cl)cc2)c2ccc(OC)cc12)C(=O)OC,3.3560000000000003
CCOC(=O)C(C(C)=O)C(=O)Cc1c(C)n(C(=O)c2ccc(Cl)cc2)c2ccc(OC)cc12,3.429
COc1ccc2c(c1)c(CC(=O)OCC=C(C)CCC=C(C)CCC=C(C)C)c(C)n2C(=O)c1ccc(Cl)cc1,2.525
COc1ccc2c(c1)c(CC(=O)OCC(=O)O)c(C)n2C(=O)c1ccc(Cl)cc1,4.235
CCOC(=O)C(C#N)C(=O)Cc1c(C)n(C(=O)c2ccc(Cl)cc2)c2ccc(OC)cc12,3.742
COc1ccc2c(c1)c(CC(=O)O)c(C)n2C(=O)c1ccc(Cl)cc1,5.17
CN(C)CCCN1c2ccccc2CCc2ccc(Cl)cc21,2.7110000000000003
CNCCCN1c2ccccc2CCc2ccccc21,2.8510000000000004
CN(C)CCCN1c2ccccc2CCc2cc(O)ccc21,1.998
CN(C)CCCN1c2ccccc2CCc2ccccc21,3.05
c1ccc2c(c1)Sc1ccccc1N2CC1CN2CCC1CC2,3.119
CCC(C)(C)C1CCC(C2=C(O)C(=O)c3ccccc3C2=O)CC1,2.213
CCC1NC(=O)C2C(Cl)C(Cl)CN2C(=O)C(CO)NC(=O)CC(c2ccccc2)NC(=O)C(CO)NC1=O,5.059
CCC1(CC)C(=O)C=CN(CN2CCNCC2)C1=O,2.297
c1ccc(CNc2ncnc3c2ncn3C2CCCCO2)cc1,2.276
CCCOC(C1=NCCN1)c1ccccc1,2.795
CCOC(C1=NCC(C)(C)N1)c1ccc(Cl)c(Cl)c1,3.437
CCOC(C1=NCC(C)(C)N1)c1ccccc1,2.659
Cc1cc(C(C)(C)C)c(O)c(C)c1CC1=NCCN1,5.513
CCOC(C1=NCC(C)N1)c1ccccc1,2.339
COP(=S)(OC)SC1CCSc2ccc(Cl)cc21,3.232
CCOP(=S)(OCC)SC1CCSc2ccc(Cl)cc21,3.768
COP(=S)(OC)SC1CCSc2ccccc21,4.787
O=c1n(CC2CO2)c(=O)n(CC2CO2)n1CC1CO1,3.032
O=C1C(=C(Cl)Cl)C(=O)C2(Cl)C3C=CC(C3)C12Cl,2.053
COc1ccc(-c2noc(CC(=O)O)c2-c2ccc(OC)cc2)cc1,2.583
CCCCC(C)(O)CC=CC1C(O)CC(=O)C1CCCCCCC(=O)OC,3.674
CCCCC(C)(C)C(O)C=CC1C(O)CC(=O)C1CCCCC=CC(=O)OC,3.844
CCCCC(C)(C)C(O)C=CC1C(C)CC(=O)C1CC=CCCCC(=O)O,4.236000000000001
CCCCCC(O)C=CC1C(O)CC(=O)C1CC=CCCCC(=O)O,2.8480000000000003
CCCCCC(O)C=CC1C(O)CC(=O)C1CCCCCCC(=O)O,3.192
CC(=O)C1CCCC1=O,2.158
CCCCC(C)CC(O)C=CC1C(O)CC(=O)C1CC(=O)CCCCC(=O)OC,3.97
CCCCC(C)C(O)C#CC1CCC(=O)C1CC=CCCCC(=O)OC,3.03
O=C1CCc2cc(C(=O)CCCN3CC=C(c4ccc(Cl)cc4)CC3)ccc2N1,2.9130000000000003
O=C1CCc2cc(C(=O)CCCN3CC=C(c4ccccc4)CC3)ccc2N1,2.874
CC(C)(O)C=CC(=O)C(C)(O)C1C(O)CC2(C)C3CC=C4C(CC(O)C(=O)C4(C)C)C3(C)C(=O)CC12C,4.799
CC(C(=O)O)c1ccc(N2CC=CC2)c(Cl)c1,2.8560000000000003
OC1CC2CC1C1CC=CC21,1.672
CCOC(C1=NCCCCN1)c1ccc(Cl)cc1,2.858
CCOC(C1=NCCCCN1)c1ccccc1,2.792
OCC(O)C1OC2OC(C(Cl)(Cl)Cl)OC2C1O,2.889
CCOc1ccc(C(=O)NCc2ccc(OCCNC)cc2)cc1OCC,2.094
Cc1cccc(C)c1NC(=O)N=C1CCCN1C,2.471
CCOC(C1=NCC(C)(CC)CN1)c1ccc(Cl)cc1,3.428
CCOC(C1=NCC(C)(C)CN1)c1ccccc1Cl,2.957
CCOC(C1=NCC(C)(C)CN1)c1ccc(C(C)C)cc1,3.1180000000000003
CCOC(C1=NCC(C)(C)CN1)c1cccc(F)c1,2.547
CCOC(C1=NCC(O)CN1)c1ccccc1,2.127
CCOC(CC)(C1=NCCCN1)c1ccccc1,2.516
CCOC(C1=NCC(C)(C)CN1)c1ccc(Cl)cc1,3.17
CCOC(C1=NCC(C)(C)CN1)c1ccccc1,2.45
CCOC(C1=NCC(C)(CC)CN1)c1cccc(Cl)c1,3.525
CCOC(C1=NCC(C)(CC)CN1)c1ccccc1,3.073
CCOC(C1=NCC(CC)(CC)CN1)c1ccc(Cl)cc1,2.9160000000000004
CCOC(C1=NCC(CC)(CC)CN1)c1cccc(Cl)c1,3.448
CCOC(C1=NCC(CC)(CC)CN1)c1ccccc1,3.04
CCOC(C1=NCC(OC)CN1)c1ccccc1,2.4530000000000003
CCOC(C1=NCCCN1)c1ccccc1,2.152
CCOC(CC)(C1=NCC(C)(C)CN1)c1ccc(Cl)cc1,3.726
CCCCN1CC(C)CN=C1C(OCC)c1ccccc1,2.518
CCOC(C1=NCC(C)(C)CN1)c1cccc(Cl)c1,3.471
CCOC(C1=NCC(C)(C)CN1)c1ccc(OC)c(F)c1,2.964
CCOC(C1=NCC(C)(CC)CN1)c1cccc(F)c1,3.227
CCOC(C1=NCCCN1)c1cccc(Cl)c1,2.5610000000000004
CCOC(C1=NCC(C)CN1)c1ccc(Cl)cc1,2.551
CCOC(C1=NCC(C)(C)CN1)c1ccc(OC)cc1,2.6460000000000004
CCOC(C1=NCCCN1)c1ccc(Cl)cc1,2.461
CCOC(C1=NCCCN1)c1c(Cl)cccc1Cl,2.662
CCOC(C1=NCCCN1)c1cccc(F)c1,2.373
CCCCOC(C1=NCCCN1)c1ccccc1,2.9
CCOC(C1=NCCCN1)c1ccc(Cl)c(Cl)c1,2.89
CCCOC(C1=NCCCN1)c1ccccc1,2.57
CCCCN1CCCN=C1C(OCC)c1ccccc1,3.096
CON=C(Cc1cccnc1)c1ccc(Cl)cc1Cl,2.238
O=c1[nH]c2c(c(=O)n1C1CCCCC1)CCC2,1.328
C1CC2CC1CC2CNCC1CC2CCC1C2,2.219
CCS(=O)(=O)Oc1ccc2c(c1)C(C)(C)CO2,2.073
CNC(=O)Oc1cccc2c1OC(C)(C)C2,4.646
CCCCN(CCCC)SN(C)C(=O)Oc1cccc2c1OC(C)(C)C2,3.873
CCCCSN(C)C(=O)Oc1cccc2c1OC(C)(C)C2,3.712
CCOC1Oc2ccc(OS(C)(=O)=O)cc2C1(C)C,2.404
CCC1Cc2cc(CC(=O)O)ccc2O1,2.202
CN(SC(Cl)(Cl)Cl)C(=O)Oc1cccc2c1OC(C)(C)C2,3.472
CCOC(=O)CCN(SN(C)C(=O)Oc1cccc2c1OC(C)(C)C2)C(C)C,3.592
CCCCOC(=O)N(C)SN(C)C(=O)Oc1cccc2c1OC(C)(C)C2,3.858
CSN(C)C(=O)Oc1cccc2c1OC(C)(C)C2,4.728
CCSN(C)C(=O)Oc1cccc2c1OC(C)(C)C2,4.051
CON=C(C)C(=NOC(=O)N(C)SN(C)C(=O)Oc1cccc2c1OC(C)(C)C2)C(=O)N(C)C,4.695
CNC(=O)Oc1cccc2c1OC(C)(C)C2O,4.12
CNC(=O)Oc1ccc(C)c2c1OC(C)(C)C2,4.292
CNC(=O)Oc1ccc(Cl)c2c1OC(C)(C)C2,3.013
CNC(=O)Oc1cccc2c1OC(C)C2,3.683
CNC(=O)Oc1cccc2c1OCC2,3.809
CC(=C(CCO)SSCC1CCCO1)N(C=O)Cc1cnc(C)nc1N,2.258
O=C(O)c1cn(C2CC2)c2cc(Cl)c(F)cc2c1=O,2.684
CCN(CC)c1cc(C)nc2ncnn12,2.9410000000000003
CCN(CC)CC1CCCCN1CC(=O)N1c2ccccc2C(=O)Nc2cccnc21,2.439
CN1C(=O)C(O)N=C(c2ccccc2)c2cc(Cl)ccc21,2.177
CN1C(=O)CN=C(c2ccccc2F)c2cc(Cl)ccc21,2.241
CN1C(=O)CN=C(c2ccccc2)c2cc(Cl)ccc21,2.908
CN1C(=O)CN=C(c2ccccc2)c2cc([N+](=O)[O-])ccc21,2.483
CN1C(=O)CN=C(c2ccccc2F)c2cc([N+](=O)[O-])ccc21,2.878
C#CCN1C(=O)CN=C(c2ccccc2)c2cc(Cl)ccc21,1.725
CNC(=O)N1C(=O)CN=C(c2ccccc2)c2cc([N+](=O)[O-])ccc21,2.171
CP(C)(=O)CN1C(=O)CN=C(c2ccccc2)c2cc(Cl)ccc21,2.064
CCN(CC)CCN1C(=O)CN=C(c2ccccc2F)c2cc(Cl)ccc21,2.688
C#CCN1C(=O)CN=C(c2ccccc2)c2cc([N+](=O)[O-])ccc21,2.562
N#CCCN1C(=O)C(O)N=C(c2ccccc2F)c2cc(Cl)ccc21,2.01
O=C1Nc2ccc(Cl)cc2C(c2ccccc2Cl)=NC1O,1.854
O=C1C(O)N=C(c2ccccc2F)c2cc(Cl)ccc2N1CCO,2.136
O=C1CN=C(c2ccccc2)c2cc([N+](=O)[O-])ccc2N1,2.533
O=C1CN=C(c2ccccc2Cl)c2cc(Cl)ccc2N1,2.1830000000000003
Cc1cc(S(=O)(=O)c2ccccc2)ccc1NS(=O)(=O)C(F)(F)F,2.778
Nc1ccc(S(=O)(=O)c2ccc(N)cc2)cc1,2.395
O=S(=O)(c1ccc(Cl)cc1)c1cc(Cl)c(Cl)cc1Cl,2.799
O=S(=O)(c1ccccc1)c1ccc(Cl)cc1,2.257
COP(=S)(OC)Oc1ccc(S(=O)(=O)c2ccc(OP(=S)(OC)OC)cc2)cc1,2.397
O=S(=O)(c1ccc(O)cc1)c1ccc(O)cc1,1.74
O=c1n(CCCN2CCN(c3cccc(Cl)c3)CC2)nc2ccccn12,2.732
C=C1C(=O)OC2CC(C)C3C=CC(=O)C3(C)C(O)C12,3.322
NCC1OC(OC2C(CO)OC(OC3C(O)C(N)CC(N)C3OC3OC(CO)C(O)C(O)C3N)C2O)C(N)C(O)C1O,1.454
O=C(CCC(=O)OC1CCCCC1)OC1CCCCC1,1.372
Cc1c(-c2ccccc2)[nH]c(N)nc1=O,2.449
CCCCC1C(=O)NC(=O)N(C2CCCCC2)C1=O,2.378
CCCCCOc1ccc(Br)cc1COCCN1CCOCC1,2.508
NC(=O)CCCN=C(c1ccc(Cl)cc1)c1cc(F)ccc1O,2.394
CN(C)c1ccc(C(=N)c2ccc(N(C)C)cc2)cc1,1.95
O=C1NCCN1c1ncc([N+](=O)[O-])s1,2.377
COc1ccc2c(=O)c3ccccc3oc2c1CN1CCCCC1,3.247
CCOC(=O)c1ncn2c1CN(C)C(=O)c1cc(F)ccc1-2,1.859
CCOC(=O)C1(c2ccccc2)CCN(CCOCc2ccccc2)CC1,3.112
O=C(NC1CCSC1=O)c1cccnc1,1.694
CCNC(C)CN1CCc2c(c(=O)oc3ccccc23)C1,2.98
CC1C(=O)CC2(C(C)C)CC12,2.484
